[{
  "_id": {
    "$oid": "623a14f98f88a8dc18c6086b"
  },
  "user": {
    "$oid": "622b4d0a210fd3b5bb5a315c"
  },
  "bookmarks": [],
  "__v": 0
},{
  "_id": {
    "$oid": "623c147b1e3478c5dd5ac5ab"
  },
  "user": {
    "$oid": "6230e1ee604699b80d342b7b"
  },
  "bookmarks": [
    {
      "job": {
        "$oid": "62372e4dcab68e82ad8fddc5"
      },
      "_id": {
        "$oid": "623c147b1e3478c5dd5ac5ac"
      }
    },
    {
      "resume": {
        "$oid": "621253b9bdd5a651f22648c8"
      },
      "_id": {
        "$oid": "623c18371e3478c5dd5ac6a3"
      }
    },
    {
      "resume": {
        "$oid": "623241e62b674a4761d4a039"
      },
      "note": "",
      "_id": {
        "$oid": "625698db3dedf50ef39785d4"
      }
    },
    {
      "job": {
        "$oid": "624e757e095b8dc851d33ac0"
      },
      "note": "",
      "_id": {
        "$oid": "62582d9e3dedf50ef3978aa5"
      }
    },
    {
      "job": {
        "$oid": "625281de29a7c192e3d4f639"
      },
      "note": "",
      "_id": {
        "$oid": "62582db13dedf50ef3978acf"
      }
    }
  ],
  "__v": 0
},{
  "_id": {
    "$oid": "623c41a0fbfa0a76f95e26e2"
  },
  "user": {
    "$oid": "6231c957665e34e94e267890"
  },
  "bookmarks": [
    {
      "company": {
        "$oid": "6235a54ed7d7deb27329385f"
      },
      "note": "",
      "_id": {
        "$oid": "62485b67bf3a28adaae429d1"
      }
    }
  ],
  "__v": 0
},{
  "_id": {
    "$oid": "6240037f8839dcb3057f160c"
  },
  "user": {
    "$oid": "622b4ce8210fd3b5bb5a3154"
  },
  "bookmarks": [],
  "__v": 0
},{
  "_id": {
    "$oid": "6241fd26e5260b7bf5349004"
  },
  "user": {
    "$oid": "6241dd3ae5260b7bf5348d58"
  },
  "bookmarks": [],
  "__v": 0
},{
  "_id": {
    "$oid": "624a91474e1bca675e312025"
  },
  "user": {
    "$oid": "624a8a16158ae0bfd6d12f94"
  },
  "bookmarks": [],
  "__v": 0
}]