[{
  "_id": {
    "$oid": "622efe0c7cc2cc7a44eeb52f"
  },
  "status": {
    "isFeatured": false,
    "isActive": true
  },
  "categoryTitle": "Automotive",
  "subCategory": [
    "Demo"
  ],
  "avatar": "https://res.cloudinary.com/js-template/image/upload/v1649491887/xsqknmww622wl7ufp3gn.svg",
  "iconUrl": "xsqknmww622wl7ufp3gn",
  "__v": 0
},{
  "_id": {
    "$oid": "622f018f7cc2cc7a44eeb534"
  },
  "status": {
    "isFeatured": false,
    "isActive": true
  },
  "categoryTitle": "Bank/ Non-Bank Fin",
  "subCategory": [
    "Demo"
  ],
  "avatar": "https://res.cloudinary.com/js-template/image/upload/v1649491872/ozoqifyvkvifi7594ulc.svg",
  "iconUrl": "ozoqifyvkvifi7594ulc",
  "__v": 0
},{
  "_id": {
    "$oid": "622f019b7cc2cc7a44eeb536"
  },
  "status": {
    "isFeatured": false,
    "isActive": true
  },
  "categoryTitle": "Commercial/Supply",
  "subCategory": [
    "Just a test"
  ],
  "avatar": "https://res.cloudinary.com/js-template/image/upload/v1649491827/vrpo0zeslz5hmo56wfox.svg",
  "iconUrl": "vrpo0zeslz5hmo56wfox",
  "__v": 0
},{
  "_id": {
    "$oid": "622f01d17cc2cc7a44eeb538"
  },
  "status": {
    "isFeatured": false,
    "isActive": true
  },
  "categoryTitle": "Construction/Facilities",
  "subCategory": [
    "Demo doen"
  ],
  "avatar": "https://res.cloudinary.com/js-template/image/upload/v1649491904/bkoyhpzf7vdjpdephklp.svg",
  "iconUrl": "bkoyhpzf7vdjpdephklp",
  "__v": 0
},{
  "_id": {
    "$oid": "622f01db7cc2cc7a44eeb53a"
  },
  "status": {
    "isFeatured": false,
    "isActive": true
  },
  "categoryTitle": "Design/Creative",
  "subCategory": [
    ""
  ],
  "avatar": "https://res.cloudinary.com/js-template/image/upload/v1649491943/afyurtrbfxwlqzlxwmyn.svg",
  "iconUrl": "afyurtrbfxwlqzlxwmyn",
  "__v": 0
},{
  "_id": {
    "$oid": "622f01e57cc2cc7a44eeb53c"
  },
  "status": {
    "isFeatured": false,
    "isActive": true
  },
  "categoryTitle": "Education Training",
  "subCategory": [
    ""
  ],
  "avatar": "https://res.cloudinary.com/js-template/image/upload/v1649491963/v8fojcqg2psiomf643ta.svg",
  "iconUrl": "v8fojcqg2psiomf643ta",
  "__v": 0
},{
  "_id": {
    "$oid": "622f01ec7cc2cc7a44eeb53e"
  },
  "status": {
    "isFeatured": false,
    "isActive": true
  },
  "categoryTitle": "Engineer/Architects",
  "subCategory": [
    ""
  ],
  "avatar": "https://res.cloudinary.com/js-template/image/upload/v1649491986/jqdehqgallbariylshsu.svg",
  "iconUrl": "jqdehqgallbariylshsu",
  "__v": 0
},{
  "_id": {
    "$oid": "622f01f47cc2cc7a44eeb540"
  },
  "status": {
    "isFeatured": false,
    "isActive": true
  },
  "categoryTitle": "Hospitality/Travel",
  "subCategory": [
    "How are you  to day"
  ],
  "avatar": "https://res.cloudinary.com/js-template/image/upload/v1649492002/etivq87jxolhdy6hwmti.svg",
  "iconUrl": "etivq87jxolhdy6hwmti",
  "__v": 0
},{
  "_id": {
    "$oid": "622f01f97cc2cc7a44eeb542"
  },
  "status": {
    "isFeatured": false,
    "isActive": true
  },
  "categoryTitle": "Electrician/Repair",
  "subCategory": [
    ""
  ],
  "avatar": "https://res.cloudinary.com/js-template/image/upload/v1649492022/bxwk3blv10ospmqdcnt3.svg",
  "iconUrl": "bxwk3blv10ospmqdcnt3",
  "__v": 0
},{
  "_id": {
    "$oid": "622f020b7cc2cc7a44eeb544"
  },
  "status": {
    "isFeatured": false,
    "isActive": true
  },
  "categoryTitle": "Marketing/Sales",
  "subCategory": [
    ""
  ],
  "avatar": "https://res.cloudinary.com/js-template/image/upload/v1649492038/xcsfwoa3yituab9pan62.svg",
  "iconUrl": "xcsfwoa3yituab9pan62",
  "__v": 0
},{
  "_id": {
    "$oid": "6232c6a2e00d0e22d17b5e52"
  },
  "status": {
    "isFeatured": false,
    "isActive": true
  },
  "categoryTitle": "IT/Telecommunication",
  "subCategory": [
    "Just a test"
  ],
  "avatar": "https://res.cloudinary.com/js-template/image/upload/v1649492154/wmtvzighvu32eziwfpoh.svg",
  "iconUrl": "wmtvzighvu32eziwfpoh",
  "__v": 0
},{
  "_id": {
    "$oid": "625140e6312fc9926c3507b2"
  },
  "status": {
    "isFeatured": false,
    "isActive": true
  },
  "categoryTitle": "Accounting/Finance",
  "subCategory": [
    " "
  ],
  "avatar": "https://res.cloudinary.com/js-template/image/upload/v1649492196/qhj9lktrfptlxoaishxb.svg",
  "iconUrl": "qhj9lktrfptlxoaishxb",
  "__v": 0
}]