[{
  "_id": {
    "$oid": "6232421d2b674a4761d4a050"
  },
  "user": {
    "$oid": "622b4d0a210fd3b5bb5a315c"
  },
  "status": {
    "isPublished": true,
    "isApproved": true,
    "isActive": true
  },
  "companyName": "Ojjomedia",
  "companyTagline": "Get it done with love",
  "category": "Construction",
  "companyEmail": "info@example.com",
  "phoneNumber": "123456789",
  "eatablishedDate": "2022-03-08",
  "companyWebsite": "https://yourwebsite.com",
  "avarageSalary": "10,000-50,000",
  "socialLink": {
    "linkedin": "",
    "facebook": "",
    "twitter": ""
  },
  "companySize": "1-10",
  "description": "Amet dignissimos non ex occaecati quo. Placeat rerum a nobis nemo occaecati cum nostrum natus eaque. Delectus voluptas non. Et ut reiciendis accusamus non. Ut et molestiae nisi dolore.",
  "location": "Dhaka",
  "locationMap": {
    "latitude": "22.87358469294594",
    "longitude": "89.5426871681407"
  },
  "createdAt": {
    "$date": {
      "$numberLong": "1647460893758"
    }
  },
  "updatedAt": {
    "$date": {
      "$numberLong": "1648970696533"
    }
  },
  "__v": 0,
  "logo": "https://res.cloudinary.com/js-template/image/upload/v1647876454/i1frrtnlzy3hlmvliutr.png",
  "logoCloudinary_id": "i1frrtnlzy3hlmvliutr",
  "videoLink": "",
  "thumb": "https://res.cloudinary.com/js-template/image/upload/v1648018025/xh2sfqcbycqctksjwqc8.webp",
  "thumbCloudinary_id": "xh2sfqcbycqctksjwqc8"
},{
  "_id": {
    "$oid": "6235a54ed7d7deb27329385f"
  },
  "user": {
    "$oid": "6230e1ee604699b80d342b7b"
  },
  "status": {
    "isPublished": true,
    "isApproved": true,
    "isActive": true
  },
  "companyName": "Coffee Corral",
  "companyTagline": "",
  "category": "Finance",
  "videoLink": "",
  "companyEmail": "",
  "phoneNumber": "",
  "eatablishedDate": "2026-01-01",
  "companyWebsite": "",
  "avarageSalary": "0-10,000",
  "socialLink": {
    "linkedin": "",
    "facebook": "",
    "twitter": ""
  },
  "companySize": "1-10",
  "description": "Proactively envisioned multimedia based expertise and cross-media growth strategies. Seamlessly visualize quality intellectual capital without superior collaboration and idea-sharing. Holistically pontificate installed base portals after maintainable products.",
  "location": "",
  "locationMap": {
    "latitude": "",
    "longitude": ""
  },
  "createdAt": {
    "$date": {
      "$numberLong": "1647682894769"
    }
  },
  "updatedAt": {
    "$date": {
      "$numberLong": "1649499192112"
    }
  },
  "__v": 0,
  "logo": "https://res.cloudinary.com/js-template/image/upload/v1649499191/wfbukywv61rpr2pbtoj5.png",
  "logoCloudinary_id": "wfbukywv61rpr2pbtoj5"
},{
  "_id": {
    "$oid": "62382fa45e250b413c316598"
  },
  "user": {
    "$oid": "622b4d0a210fd3b5bb5a315c"
  },
  "status": {
    "isPublished": true,
    "isApproved": true,
    "isActive": true
  },
  "companyName": "Telimed",
  "companyTagline": "Improving Lives Together",
  "category": "Finance",
  "videoLink": "https://website.com",
  "companyEmail": "rjrobi900@gmail.com",
  "phoneNumber": "01980033442",
  "eatablishedDate": "2022-03-08",
  "companyWebsite": "https://yourwebsite.com",
  "avarageSalary": "0-10,000",
  "socialLink": {
    "linkedin": "",
    "facebook": "",
    "twitter": ""
  },
  "companySize": "1-10",
  "description": "This is a test",
  "location": "Dhaka",
  "locationMap": {
    "latitude": "",
    "longitude": ""
  },
  "createdAt": {
    "$date": {
      "$numberLong": "1647849380120"
    }
  },
  "updatedAt": {
    "$date": {
      "$numberLong": "1649499237241"
    }
  },
  "__v": 0,
  "logo": "https://res.cloudinary.com/js-template/image/upload/v1649497997/n62wuwzsfskvy764myv5.png",
  "logoCloudinary_id": "n62wuwzsfskvy764myv5",
  "thumb": "https://res.cloudinary.com/js-template/image/upload/v1647850865/pmffeplmxqowrkdph7wd.jpg",
  "thumbCloudinary_id": "pmffeplmxqowrkdph7wd"
},{
  "_id": {
    "$oid": "623978f9d59e675e347a7c5e"
  },
  "user": {
    "$oid": "622c19c8883ff7f656be66a6"
  },
  "status": {
    "isPublished": true,
    "isApproved": true,
    "isActive": true
  },
  "companyName": "Employer Company",
  "companyTagline": "Get it done with love",
  "category": "Engineering",
  "videoLink": "",
  "companyEmail": "rjrobi900@gmail.com",
  "phoneNumber": "01980033442",
  "eatablishedDate": "2022-05-31",
  "companyWebsite": "",
  "avarageSalary": "0-10,000",
  "socialLink": {
    "linkedin": "https://linkedin.com",
    "facebook": "https://facebook.com",
    "twitter": "https://twitter.com"
  },
  "companySize": "1-10",
  "description": "This is a demo company from the employer",
  "location": "",
  "locationMap": {
    "latitude": "",
    "longitude": "Khulna"
  },
  "logo": "https://res.cloudinary.com/js-template/image/upload/v1647933687/qv6ln2z095sedtqixe1b.png",
  "logoCloudinary_id": "qv6ln2z095sedtqixe1b",
  "thumb": "https://res.cloudinary.com/js-template/image/upload/v1647933688/e3dkg5j0v62d4gijgmiq.webp",
  "thumbCloudinary_id": "e3dkg5j0v62d4gijgmiq",
  "createdAt": {
    "$date": {
      "$numberLong": "1647933689007"
    }
  },
  "updatedAt": {
    "$date": {
      "$numberLong": "1648481387746"
    }
  },
  "__v": 0
},{
  "_id": {
    "$oid": "624beb549da26ad1ef539761"
  },
  "user": {
    "$oid": "622b4ce8210fd3b5bb5a3154"
  },
  "status": {
    "isPublished": true,
    "isApproved": true,
    "isActive": true
  },
  "companyName": "JS Template",
  "companyTagline": "Get it done with love",
  "category": "IT",
  "videoLink": "",
  "companyEmail": "rjrobi900@gmail.com",
  "phoneNumber": "01980033442",
  "eatablishedDate": "2022-05-26",
  "companyWebsite": "https://yourwebsite.com",
  "avarageSalary": "10,000-50,000",
  "socialLink": {
    "linkedin": "https://linkedin.com",
    "facebook": "https://facebook.com",
    "twitter": "https://twitter.com"
  },
  "companySize": "51-100",
  "description": "This is testing company",
  "location": "Dhaka",
  "locationMap": {
    "latitude": "22.87358469294594",
    "longitude": "89.5426871681407"
  },
  "logo": "https://res.cloudinary.com/js-template/image/upload/v1649142612/eeli62k6lgqzrc0x56qo.png",
  "logoCloudinary_id": "eeli62k6lgqzrc0x56qo",
  "createdAt": {
    "$date": {
      "$numberLong": "1649142612673"
    }
  },
  "updatedAt": {
    "$date": {
      "$numberLong": "1649144027808"
    }
  },
  "__v": 0
}]