[{
  "_id": {
    "$oid": "622b5af98babcf7fb5e1728b"
  },
  "senderAddress": "Meta-Jobs",
  "subject": "Confirmation Email",
  "message": "Please click this link to confirm your email:",
  "emailType": "CONFIRMATION_EMAIL",
  "__v": 0,
  "senderEmail": "info@example.com"
},{
  "_id": {
    "$oid": "622b5b058babcf7fb5e1728d"
  },
  "senderAddress": "Meta Jobs",
  "subject": "Request to reset password",
  "message": "You have changed your password",
  "emailType": "RESET_PASSWORD",
  "__v": 0,
  "senderEmail": "info@example.com"
},{
  "_id": {
    "$oid": "622b5b0c8babcf7fb5e1728f"
  },
  "senderAddress": "Meta-Jobs",
  "subject": "Your Resume is Live",
  "message": "Congrats..!! Your Resume is published",
  "emailType": "RESUME_PUBLISHED",
  "__v": 0
},{
  "_id": {
    "$oid": "622b5b178babcf7fb5e17291"
  },
  "senderAddress": "Meta-Jobs",
  "subject": "Your Resume is Deleted",
  "message": "You have deleted a resume ",
  "emailType": "RESUME_DELETED",
  "__v": 0
},{
  "_id": {
    "$oid": "622b5b228babcf7fb5e17293"
  },
  "senderAddress": "Meta-Jobs",
  "subject": "Your Review is submitted",
  "message": "Thank you for giving us a review ",
  "emailType": "REVIEW_SUBMITTED",
  "__v": 0
},{
  "_id": {
    "$oid": "622b5b3e8babcf7fb5e17295"
  },
  "senderAddress": "Meta Jobs",
  "subject": "Your Job is Published",
  "message": "Congrats..!! Your Job is published Now",
  "emailType": "JOB_PUBLISHED",
  "__v": 0,
  "senderEmail": "info@ojjomedia.com"
},{
  "_id": {
    "$oid": "622b5b4d8babcf7fb5e17297"
  },
  "senderAddress": "Meta-Jobs",
  "subject": "Your Job is Live",
  "message": "Congrats..!! Your Job is approved",
  "emailType": "JOB_APPROVED",
  "__v": 0
},{
  "_id": {
    "$oid": "622b5b598babcf7fb5e17299"
  },
  "senderAddress": "Meta-Jobs",
  "subject": "Your Job is listed featured",
  "message": "Congrats..!! Your Job is listed in featured job",
  "emailType": "JOB_FEATURED",
  "__v": 0
},{
  "_id": {
    "$oid": "622b5b668babcf7fb5e1729b"
  },
  "senderAddress": "Meta-Jobs",
  "subject": "Your Job is expired",
  "message": "Sorry..!! Your Job is expired",
  "emailType": "JOB_EXPIRED",
  "__v": 0
},{
  "_id": {
    "$oid": "622f69291db49ad4cc229cb6"
  },
  "senderAddress": "Meta-Jobs",
  "subject": "Request to reset password",
  "message": "Please click on given link to reset your password",
  "emailType": "FORGET_PASSWORD",
  "__v": 0
},{
  "_id": {
    "$oid": "62331f8afa0ad433db5882fd"
  },
  "senderAddress": "Meta-Jobs",
  "subject": "Company is published",
  "message": "Congrats..!! Your company is published",
  "emailType": "COMPANY_PUBLISHED",
  "__v": 0
},{
  "_id": {
    "$oid": "62331fa5fa0ad433db5882ff"
  },
  "senderAddress": "Meta-Jobs",
  "subject": "Your Company is Approved",
  "message": "Congrats..!! Your Company is Approved",
  "emailType": "COMPANY_APPROVED",
  "__v": 0
},{
  "_id": {
    "$oid": "62331fbcfa0ad433db588301"
  },
  "senderAddress": "Meta-Jobs",
  "subject": "Your Company profile is expired",
  "message": "Sorry..!! Your company profile  is expired",
  "emailType": "COMPANY_EXPIRED",
  "__v": 0
},{
  "_id": {
    "$oid": "62331fcafa0ad433db588303"
  },
  "senderAddress": "Meta-Jobs",
  "subject": "Your Company Profile is Deleted",
  "message": "Your company profile is deleted",
  "emailType": "COMPANY_DELETED",
  "__v": 0
},{
  "_id": {
    "$oid": "623625f2de39669707ce2403"
  },
  "senderAddress": "Meta-Jobs",
  "subject": "Your Job is Deleted",
  "message": "You have deleted a job",
  "emailType": "JOB_DELETED",
  "__v": 0
},{
  "_id": {
    "$oid": "623781bf0a90565f891a0c59"
  },
  "senderAddress": "Meta-Jobs",
  "subject": "Your Job is in Draft",
  "message": "Congrats..!! Your Job is in Draft",
  "emailType": "JOB_DRAFTED",
  "__v": 0
},{
  "_id": {
    "$oid": "623781ed0a90565f891a0cad"
  },
  "senderAddress": "Meta-Jobs",
  "subject": "Your Job is Non-Featured",
  "message": "Sorry..!! Your Job is Non-Featured",
  "emailType": "JOB_NON-FEATURED",
  "__v": 0
},{
  "_id": {
    "$oid": "62380897988ad38af7bdd87b"
  },
  "senderAddress": "Meta-Jobs",
  "subject": "Your Job is Rejected",
  "message": "Sorry..!! Your Job is Rejected",
  "emailType": "JOB_REJECTED",
  "__v": 0
},{
  "_id": {
    "$oid": "62381177988ad38af7bdda2a"
  },
  "senderAddress": "Meta-Jobs",
  "subject": "Your Company is Rejected",
  "message": "Sorry..!! Your Company is Rejected",
  "emailType": "COMPANY_REJECTED",
  "__v": 0
},{
  "_id": {
    "$oid": "62381187988ad38af7bdda32"
  },
  "senderAddress": "Meta-Jobs",
  "subject": "Your Company is in Draft",
  "message": "Congrats..!! Your Company is in Draft",
  "emailType": "COMPANY_DRAFTED",
  "__v": 0
},{
  "_id": {
    "$oid": "6239bd4f40cd80746f567438"
  },
  "senderAddress": "Meta-Jobs",
  "subject": "Your Resume is in Draft",
  "message": "Congrats..!! Your Resume is in Draft",
  "emailType": "RESUME_DRAFTED",
  "__v": 0
},{
  "_id": {
    "$oid": "6239bd6f40cd80746f56746c"
  },
  "senderAddress": "Meta-Jobs",
  "subject": "Your Resume is Approved",
  "message": "Congrats..!! Your Resume is Approved",
  "emailType": "RESUME_APPROVED",
  "__v": 0
},{
  "_id": {
    "$oid": "6239bda240cd80746f5674e0"
  },
  "senderAddress": "Meta-Jobs",
  "subject": "Your Resume is Rejected",
  "message": "Sorry..!! Your Resume is Rejected",
  "emailType": "RESUME_REJECTED",
  "__v": 0
},{
  "_id": {
    "$oid": "623b17337793cb28dadcacfd"
  },
  "senderAddress": "Meta-Jobs",
  "subject": "Your Review is Submitted",
  "message": "Thank you for giving us a review",
  "emailType": "REVIEW_PUBLISHED",
  "__v": 0
},{
  "_id": {
    "$oid": "62494d4dbf3a28adaae439da"
  },
  "senderAddress": "Meta Jobs",
  "subject": "Job is Applied",
  "message": "Congrats..!! Your have applied a Job",
  "emailType": "JOB_APPLIED",
  "__v": 0
}]