[{
  "_id": {
    "$oid": "622ee913f01a9f666b6f8a51"
  },
  "__v": 0,
  "avarageSalary": [
    "10K",
    "20K",
    "30K",
    "40K",
    "50K+"
  ],
  "companySize": [
    "1-10",
    "10-50",
    "50-100",
    "100-500"
  ],
  "jobExperience": [
    "No Experience",
    "1+ Year",
    "2+ Year",
    "3+ Year",
    "4+ Year",
    "5+ Year"
  ],
  "jobTypes": [
    "Full Time",
    "Part Time",
    "Internship",
    "Freelance",
    "Contact Base"
  ],
  "region": [
    "America",
    "Europe",
    "Asia",
    "Africa"
  ],
  "revenue": [
    "0-5000",
    "5000-10",
    "10000-20",
    "20000-30"
  ],
  "tags": [
    "CSS",
    "React",
    "React Native",
    "HTML",
    "Development"
  ],
  "skills": [
    "React Native",
    "HTML",
    "CSS",
    "JavaScript",
    "React Js",
    "PHP"
  ]
}]