[{
  "_id": {
    "$oid": "6244a2683265d26bb605ab24"
  },
  "user": {
    "$oid": "622b4d0a210fd3b5bb5a315c"
  },
  "name": "Alert Test",
  "active": true,
  "keyword": "ETP expert",
  "region": "Asia",
  "category": "Automotive",
  "tags": [
    "HTML"
  ],
  "type": [
    "Full Time",
    "Remote"
  ],
  "emailFrequency": "Daily",
  "__v": 0
},{
  "_id": {
    "$oid": "6245535dadd9a7870dffbcf8"
  },
  "user": {
    "$oid": "624537c5add9a7870dffb173"
  },
  "name": "Alert Test",
  "active": true,
  "keyword": "ETP expert",
  "region": "Asia",
  "category": "Automotive",
  "tags": [
    "HTML",
    "Development"
  ],
  "type": [
    "Full Time",
    "Freelance"
  ],
  "emailFrequency": "Weekly",
  "__v": 0
},{
  "_id": {
    "$oid": "624557e6add9a7870dffbede"
  },
  "user": {
    "$oid": "6230e1ee604699b80d342b7b"
  },
  "name": "My Alert",
  "active": true,
  "keyword": "Developer",
  "region": "America",
  "category": "Design/Creative",
  "tags": [
    "HTML"
  ],
  "type": [
    "Internship",
    "Full Time"
  ],
  "emailFrequency": "Weekly",
  "__v": 0
},{
  "_id": {
    "$oid": "62493106bf3a28adaae433f2"
  },
  "user": {
    "$oid": "6231c957665e34e94e267890"
  },
  "name": "wordpress",
  "active": true,
  "keyword": "Wordpress developer",
  "region": "Asia",
  "category": "Developer",
  "tags": [
    "HTML"
  ],
  "type": [
    "Full Time",
    "Internship"
  ],
  "emailFrequency": "Weekly",
  "__v": 0
}]