[{
  "_id": {
    "$oid": "623095d5679b0a1da34f5004"
  },
  "user": {
    "$oid": "622b4d0a210fd3b5bb5a315c"
  },
  "status": "Pending",
  "fullName": "Robert Browny",
  "email": "rober@example.con",
  "coverLetter": "Lorem text lorem text, Lorem text lorem text, Lorem text lorem text, Lorem text lorem text, Lorem text lorem text, Lorem text lorem text, ",
  "jobItem": {
    "$oid": "622f00ed7cc2cc7a44eeb531"
  },
  "__v": 0
},{
  "_id": {
    "$oid": "62309652679b0a1da34f5008"
  },
  "user": {
    "$oid": "622b4d0a210fd3b5bb5a315c"
  },
  "status": "Pending",
  "fullName": "Robert Browny",
  "email": "rober@example.con",
  "coverLetter": "Lorem text lorem text, Lorem text lorem text, Lorem text lorem text, Lorem text lorem text, Lorem text lorem text, Lorem text lorem text, ",
  "jobItem": {
    "$oid": "622f00ed7cc2cc7a44eeb531"
  },
  "__v": 0
},{
  "_id": {
    "$oid": "62399c43d59e675e347a8920"
  },
  "user": {
    "$oid": "622cbafd883ff7f656be6aad"
  },
  "status": "Pending",
  "fullName": "MD. Mamun",
  "email": "rjrobi900@gmail.com",
  "coverLetter": "Test",
  "jobItem": {
    "$oid": "62397a32d59e675e347a7ce3"
  },
  "__v": 0
},{
  "_id": {
    "$oid": "62399d50bffb9f6a03b9213c"
  },
  "user": {
    "$oid": "622cbafd883ff7f656be6aad"
  },
  "status": "Pending",
  "fullName": "MD. Mamun",
  "email": "rjrobi900@gmail.com",
  "coverLetter": "This is a demo apply",
  "cvFile": "https://res.cloudinary.com/js-template/image/upload/v1647942992/mnifrwplpeyjgtu1cpwi.pdf",
  "cvFileCloudinary_id": "mnifrwplpeyjgtu1cpwi",
  "jobItem": {
    "$oid": "62397a32d59e675e347a7ce3"
  },
  "__v": 0
},{
  "_id": {
    "$oid": "623ae4ba9fe1bcd70187ea0e"
  },
  "user": {
    "$oid": "622b4d0a210fd3b5bb5a315c"
  },
  "status": "Pending",
  "fullName": "Zelal Hossain",
  "email": "zelal@ojjomedia.com",
  "coverLetter": "test",
  "jobItem": {
    "$oid": "62397a32d59e675e347a7ce3"
  },
  "__v": 0
},{
  "_id": {
    "$oid": "623d75cb44959d28a8d9b2c6"
  },
  "user": {
    "$oid": "6230e1ee604699b80d342b7b"
  },
  "status": "Pending",
  "fullName": "Zelal Hossain",
  "email": "zelal@ojjomedia.com",
  "coverLetter": "dd",
  "jobItem": {
    "$oid": "62397a32d59e675e347a7ce3"
  },
  "__v": 0
},{
  "_id": {
    "$oid": "6244b3793265d26bb605c2d3"
  },
  "user": {
    "$oid": "6231c957665e34e94e267890"
  },
  "status": "Pending",
  "fullName": "MD. Robi",
  "email": "rjrobi900@gmail.com",
  "coverLetter": "Contact me plz...",
  "jobItem": {
    "$oid": "6244b25e3265d26bb605beef"
  },
  "__v": 0
},{
  "_id": {
    "$oid": "62457ec8d19f14f834772d5f"
  },
  "user": {
    "$oid": "622b4d0a210fd3b5bb5a315c"
  },
  "status": "Selected",
  "fullName": "Robert Browny",
  "email": "rober@example.con",
  "coverLetter": "Lorem text lorem text, Lorem text lorem text, Lorem text lorem text, Lorem text lorem text, Lorem text lorem text, Lorem text lorem text, ",
  "jobItem": {
    "$oid": "6244b25e3265d26bb605beef"
  },
  "__v": 0
},{
  "_id": {
    "$oid": "62457f653dfe0dc4c2d919b5"
  },
  "user": {
    "$oid": "622b4d0a210fd3b5bb5a315c"
  },
  "status": "Interview",
  "fullName": "Robert Browny",
  "email": "rober@example.con",
  "coverLetter": "Lorem text lorem text, Lorem text lorem text, Lorem text lorem text, Lorem text lorem text, Lorem text lorem text, Lorem text lorem text, ",
  "jobItem": {
    "$oid": "6244b25e3265d26bb605beef"
  },
  "__v": 0
},{
  "_id": {
    "$oid": "6245bbbb026a79af042ccd23"
  },
  "user": {
    "$oid": "6231c957665e34e94e267890"
  },
  "status": "Pending",
  "fullName": "MD. Robi",
  "email": "rjrobi900@gmail.com",
  "coverLetter": "This is a demo ",
  "cvFile": "https://res.cloudinary.com/js-template/image/upload/v1648737211/yvqudiz2k13wzawyilg9.pdf",
  "cvFileCloudinary_id": "yvqudiz2k13wzawyilg9",
  "jobItem": {
    "$oid": "6244b25e3265d26bb605beef"
  },
  "__v": 0
},{
  "_id": {
    "$oid": "62494d4cbf3a28adaae439d7"
  },
  "user": {
    "$oid": "6231c957665e34e94e267890"
  },
  "status": "Pending",
  "fullName": "Zelal Hossain",
  "email": "zelal@ojjomedia.com",
  "coverLetter": "test",
  "jobItem": {
    "$oid": "6244b25e3265d26bb605beef"
  },
  "__v": 0
},{
  "_id": {
    "$oid": "624c0a4f14b42e9b9d8a3410"
  },
  "user": {
    "$oid": "624537c5add9a7870dffb173"
  },
  "status": "Pending",
  "fullName": "GD Robi",
  "email": "rjrobi900@gmail.com",
  "coverLetter": "Contact me to work with me",
  "cvFile": "https://res.cloudinary.com/js-template/image/upload/v1649150542/mllpljzp2qhodfwx8bh4.pdf",
  "cvFileCloudinary_id": "mllpljzp2qhodfwx8bh4",
  "jobItem": {
    "$oid": "6244b25e3265d26bb605beef"
  },
  "__v": 0
},{
  "_id": {
    "$oid": "6278c8bd3dedf50ef397f869"
  },
  "user": {
    "$oid": "6230e1ee604699b80d342b7b"
  },
  "status": "Pending",
  "fullName": "Dhaka",
  "email": "zelal@ojjomedia.com",
  "coverLetter": "b b. b",
  "jobItem": {
    "$oid": "625274ec52f5accc3ec9e1ef"
  },
  "__v": 0
}]