[{
  "_id": {
    "$oid": "6244b25e3265d26bb605beef"
  },
  "user": {
    "$oid": "622b4d0a210fd3b5bb5a315c"
  },
  "company": {
    "$oid": "6232421d2b674a4761d4a050"
  },
  "status": {
    "isApproved": true,
    "isPublished": true,
    "isFeatured": true,
    "isActive": true
  },
  "jobTitle": "Social Media And Public Relation Executive",
  "location": "Invalidenstraße, Berlin, Germany",
  "region": "Asia",
  "jobTypes": [
    "Freelance"
  ],
  "category": "Automotive",
  "specialTags": [
    "HTML",
    "Development"
  ],
  "jobDescription": "The Social Media & PR Executive will be responsible for increasing hotel marketing communication across a variety of social media platforms to engage the audience in relevant conversations and coordinate all public relations activities.",
  "email": "zelal@ojjomedia.com",
  "hourlyrate": {
    "minimum": 30,
    "maximum": 50
  },
  "salary": {
    "minimum": 25000,
    "maximum": 45000
  },
  "applyLink": "https://examplelink.com",
  "avatar": "https://res.cloudinary.com/js-template/image/upload/v1648669277/i84mrb3sfr17zyqz76wi.webp",
  "avatarCloudinary_id": "i84mrb3sfr17zyqz76wi",
  "expireAt": {
    "$date": {
      "$numberLong": "1650397277274"
    }
  },
  "createdAt": {
    "$date": {
      "$numberLong": "1648669278362"
    }
  },
  "updatedAt": {
    "$date": {
      "$numberLong": "1649496783745"
    }
  },
  "__v": 0
},{
  "_id": {
    "$oid": "624c18bf471afaba20bc15d3"
  },
  "user": {
    "$oid": "622b4d0a210fd3b5bb5a315c"
  },
  "status": {
    "isApproved": true,
    "isPublished": true,
    "isFeatured": false,
    "isActive": true
  },
  "jobTitle": "Senior Technician – Trading Enterprise",
  "location": "North Terrencefurt",
  "region": "Mount Pleasant",
  "jobTypes": [
    "Part Time"
  ],
  "category": "Design/Creative",
  "specialTags": [
    "PHP"
  ],
  "jobDescription": "Senior",
  "jobExperience": "3",
  "applyDeadline": "Sun Dec 18 2022 08:51:19 GMT+0600 (Bangladesh Standard Time)",
  "hourlyrate": {
    "minimum": 50,
    "maximum": 100
  },
  "salary": {
    "minimum": 10000,
    "maximum": 20000
  },
  "applyLink": "https://examplelink.com",
  "expireAt": {
    "$date": {
      "$numberLong": "1650882239758"
    }
  },
  "createdAt": {
    "$date": {
      "$numberLong": "1649154239764"
    }
  },
  "updatedAt": {
    "$date": {
      "$numberLong": "1649496904970"
    }
  },
  "__v": 0,
  "company": {
    "$oid": "6232421d2b674a4761d4a050"
  },
  "email": "zelal@ojjomedia.com"
},{
  "_id": {
    "$oid": "624e6f31095b8dc851d33835"
  },
  "user": {
    "$oid": "622b4d0a210fd3b5bb5a315c"
  },
  "status": {
    "isApproved": true,
    "isPublished": true,
    "isFeatured": false,
    "isActive": true
  },
  "jobTitle": "Senior Manager Finance",
  "location": "South Zanderstad",
  "region": "Retaview",
  "jobTypes": [
    "Internship"
  ],
  "category": "Education Training",
  "specialTags": [
    "PHP"
  ],
  "jobDescription": "This position will be responsible for developing plans, analyzing financial results, completing special projects, and producing weekly/monthly reporting relating to Home Depot’s Store Labor.",
  "jobExperience": "3",
  "applyDeadline": "Tue Jan 17 2023 19:11:48 GMT+0600 (Bangladesh Standard Time)",
  "hourlyrate": {
    "minimum": 50,
    "maximum": 100
  },
  "salary": {
    "minimum": 10000,
    "maximum": 20000
  },
  "applyLink": "https://examplelink.com",
  "expireAt": {
    "$date": {
      "$numberLong": "1651035441207"
    }
  },
  "createdAt": {
    "$date": {
      "$numberLong": "1649307441213"
    }
  },
  "updatedAt": {
    "$date": {
      "$numberLong": "1649497040905"
    }
  },
  "__v": 0,
  "company": {
    "$oid": "62382fa45e250b413c316598"
  },
  "email": "zelal@ojjomedia.com"
},{
  "_id": {
    "$oid": "624e757e095b8dc851d33ac0"
  },
  "user": {
    "$oid": "622b4d0a210fd3b5bb5a315c"
  },
  "company": {
    "$oid": "623978f9d59e675e347a7c5e"
  },
  "status": {
    "isApproved": true,
    "isPublished": true,
    "isFeatured": false,
    "isActive": true
  },
  "jobTitle": " Warehouse Operative ",
  "location": "Oslo, Norway",
  "region": "Asia",
  "jobTypes": [
    "Part Time"
  ],
  "category": "Automotive",
  "specialTags": [
    "CSS",
    "React",
    "HTML"
  ],
  "jobDescription": "As a warehouse operative you’ll receive great benefits and incentives! You can be active around a warehouse or if you would you rather use your organisational skills at a workstation? Either way we have the job for you! You can be a part of a busy and friendly team, working for a highly regarded online retail company with the real opportunity for permanent work.",
  "email": "zelal@ojjomedia.com",
  "hourlyrate": {
    "minimum": 30,
    "maximum": 50
  },
  "salary": {
    "minimum": 25000,
    "maximum": 45000
  },
  "applyLink": "",
  "expireAt": {
    "$date": {
      "$numberLong": "1651037054337"
    }
  },
  "createdAt": {
    "$date": {
      "$numberLong": "1649309054340"
    }
  },
  "updatedAt": {
    "$date": {
      "$numberLong": "1649574789895"
    }
  },
  "__v": 0
},{
  "_id": {
    "$oid": "62515122312fc9926c35094c"
  },
  "user": {
    "$oid": "622b4d0a210fd3b5bb5a315c"
  },
  "company": {
    "$oid": "623978f9d59e675e347a7c5e"
  },
  "status": {
    "isApproved": true,
    "isPublished": true,
    "isFeatured": true,
    "isActive": true
  },
  "jobTitle": "Vehicle Technician",
  "location": "Province of Cuneo, Italy",
  "region": "Asia",
  "jobTypes": [
    "Part Time"
  ],
  "category": "Bank/ Non-Bank Fin",
  "specialTags": [
    "CSS",
    "React"
  ],
  "jobDescription": "A fantastic opportunity has arisen for a Motor vehicle Technician at Garbage Garage\r\n\r\nAs a Motor Vehicle Technician you’ll spend most of your time in our workshop maintaining vehicles to the high standards we set out. The role involves carrying out inspections, repairs and services, warranty work, checking vehicles against VOSA legislation, and handling and storing parts.  You’ll also need to make sure all necessary Vehicle Health Checks are completed.\r\n\r\nYou will be responsible for ensuring all jobs are completed within agreed time-frames and that a high level of productivity is maintained.  Analysis, diagnostics and road testing vehicles are also a critical part of this role.  You will deliver an outstanding customer experience.",
  "email": "zelal@ojjomedia.com",
  "hourlyrate": {
    "minimum": 30,
    "maximum": 50
  },
  "salary": {
    "minimum": 15000,
    "maximum": 35000
  },
  "applyLink": "",
  "expireAt": {
    "$date": {
      "$numberLong": "1651224354406"
    }
  },
  "createdAt": {
    "$date": {
      "$numberLong": "1649496354411"
    }
  },
  "updatedAt": {
    "$date": {
      "$numberLong": "1649922810751"
    }
  },
  "__v": 0
},{
  "_id": {
    "$oid": "62515460312fc9926c350d9a"
  },
  "user": {
    "$oid": "622b4d0a210fd3b5bb5a315c"
  },
  "company": {
    "$oid": "624beb549da26ad1ef539761"
  },
  "status": {
    "isApproved": true,
    "isPublished": true,
    "isFeatured": false,
    "isActive": true
  },
  "jobTitle": "Senior Health And Nutrition Advisor",
  "location": "Paris, France",
  "region": "Asia",
  "jobTypes": [
    "Contact Base"
  ],
  "category": "Hospitality/Travel",
  "specialTags": [
    "HTML",
    "CSS"
  ],
  "jobDescription": "Offer strategic and technical health and nutrition advice to headquarters and field staff, as well as training and coaching Telimed field health and nutrition staff in emergency (acute and chronic) as well as transitional programming.  Assist in strengthening, supporting and standardising the technical quality of Telimed’s health and nutrition sector programming at field and HQ levels to ensure we meet international health guidelines and best serve our beneficiaries.",
  "email": "zelal@ojjomedia.com",
  "hourlyrate": {
    "minimum": 30,
    "maximum": 50
  },
  "salary": {
    "minimum": 25000,
    "maximum": 45000
  },
  "applyLink": "",
  "expireAt": {
    "$date": {
      "$numberLong": "1651225184966"
    }
  },
  "createdAt": {
    "$date": {
      "$numberLong": "1649497184968"
    }
  },
  "updatedAt": {
    "$date": {
      "$numberLong": "1649498082918"
    }
  },
  "__v": 0
},{
  "_id": {
    "$oid": "625272ad10ecea485db28662"
  },
  "user": {
    "$oid": "622b4d0a210fd3b5bb5a315c"
  },
  "company": {
    "$oid": "6235a54ed7d7deb27329385f"
  },
  "status": {
    "isApproved": true,
    "isPublished": true,
    "isFeatured": false,
    "isActive": true
  },
  "jobTitle": "Senior Creative Developer",
  "location": "Anywhere",
  "region": "Asia",
  "jobTypes": [
    "Temporary"
  ],
  "category": "Bank/ Non-Bank Fin",
  "specialTags": [
    "CSS",
    "React",
    "HTML"
  ],
  "jobDescription": "It is a long established fact that a reader will be distracted by the readable content of a page when looking at its layout. The point of using Lorem Ipsum is that it has a more-or-less normal distribution of letters, as opposed to using 'Content here, content here', making it look like readable English. Many desktop publishing packages and web page editors now use Lorem Ipsum as their default model text, and a search for 'lorem ipsum' will uncover many web sites still in their infancy. Various versions have evolved over the years, sometimes by accident, sometimes on purpose (injected humour and the like).\r\n\r\nThere are many variations of passages of Lorem Ipsum available, but the majority have suffered alteration in some form, by injected humour, or randomised words which don't look even slightly believable. If you are going to use a passage of Lorem Ipsum, you need to be sure there isn't anything embarrassing hidden in the middle of text. All the Lorem Ipsum generators on the Internet tend to repeat predefined chunks as necessary, making this the first true generator on the Internet. It uses a dictionary of over 200 Latin words, combined with a handful of model sentence structures, to generate Lorem Ipsum which looks reasonable. The generated Lorem Ipsum is therefore always free from repetition, injected humour, or non-characteristic words etc.",
  "email": "zelal@ojjomedia.com",
  "hourlyrate": {
    "minimum": 30,
    "maximum": 50
  },
  "salary": {
    "minimum": 15000,
    "maximum": 35000
  },
  "applyLink": "undefined",
  "expireAt": {
    "$date": {
      "$numberLong": "1651298477982"
    }
  },
  "createdAt": {
    "$date": {
      "$numberLong": "1649570477993"
    }
  },
  "updatedAt": {
    "$date": {
      "$numberLong": "1649577489282"
    }
  },
  "__v": 0
},{
  "_id": {
    "$oid": "6252746c52f5accc3ec9def8"
  },
  "user": {
    "$oid": "622b4d0a210fd3b5bb5a315c"
  },
  "company": {
    "$oid": "624beb549da26ad1ef539761"
  },
  "status": {
    "isApproved": true,
    "isPublished": true,
    "isFeatured": true,
    "isActive": true
  },
  "jobTitle": "Billing Support Specialist Job",
  "location": "Anywhere",
  "region": "Asia",
  "jobTypes": [
    "Full Time"
  ],
  "category": "Commercial/Supply",
  "specialTags": [
    "CSS",
    "HTML",
    "React"
  ],
  "jobDescription": "It is a long established fact that a reader will be distracted by the readable content of a page when looking at its layout. The point of using Lorem Ipsum is that it has a more-or-less normal distribution of letters, as opposed to using 'Content here, content here', making it look like readable English. Many desktop publishing packages and web page editors now use Lorem Ipsum as their default model text, and a search for 'lorem ipsum' will uncover many web sites still in their infancy. Various versions have evolved over the years, sometimes by accident, sometimes on purpose (injected humour and the like).\r\n\r\nThere are many variations of passages of Lorem Ipsum available, but the majority have suffered alteration in some form, by injected humour, or randomised words which don't look even slightly believable. If you are going to use a passage of Lorem Ipsum, you need to be sure there isn't anything embarrassing hidden in the middle of text. All the Lorem Ipsum generators on the Internet tend to repeat predefined chunks as necessary, making this the first true generator on the Internet. It uses a dictionary of over 200 Latin words, combined with a handful of model sentence structures, to generate Lorem Ipsum which looks reasonable. The generated Lorem Ipsum is therefore always free from repetition, injected humour, or non-characteristic words etc.",
  "email": "zelal@ojjomedia.com",
  "hourlyrate": {
    "minimum": 30,
    "maximum": 50
  },
  "salary": {
    "minimum": 25000,
    "maximum": 45000
  },
  "applyLink": "undefined",
  "expireAt": {
    "$date": {
      "$numberLong": "1651298924294"
    }
  },
  "createdAt": {
    "$date": {
      "$numberLong": "1649570924303"
    }
  },
  "updatedAt": {
    "$date": {
      "$numberLong": "1649579083052"
    }
  },
  "__v": 0
},{
  "_id": {
    "$oid": "625274ec52f5accc3ec9e1ef"
  },
  "user": {
    "$oid": "622b4d0a210fd3b5bb5a315c"
  },
  "company": {
    "$oid": "624beb549da26ad1ef539761"
  },
  "status": {
    "isApproved": true,
    "isPublished": true,
    "isFeatured": false,
    "isActive": true
  },
  "jobTitle": "Satellite TV Technician/Installer",
  "location": "Anywhere",
  "region": "Asia",
  "jobTypes": [
    "Part Time"
  ],
  "category": "Commercial/Supply",
  "specialTags": [
    "CSS",
    "React",
    "HTML"
  ],
  "jobDescription": "It is a long established fact that a reader will be distracted by the readable content of a page when looking at its layout. The point of using Lorem Ipsum is that it has a more-or-less normal distribution of letters, as opposed to using 'Content here, content here', making it look like readable English. Many desktop publishing packages and web page editors now use Lorem Ipsum as their default model text, and a search for 'lorem ipsum' will uncover many web sites still in their infancy. Various versions have evolved over the years, sometimes by accident, sometimes on purpose (injected humour and the like).\r\n\r\nThere are many variations of passages of Lorem Ipsum available, but the majority have suffered alteration in some form, by injected humour, or randomised words which don't look even slightly believable. If you are going to use a passage of Lorem Ipsum, you need to be sure there isn't anything embarrassing hidden in the middle of text. All the Lorem Ipsum generators on the Internet tend to repeat predefined chunks as necessary, making this the first true generator on the Internet. It uses a dictionary of over 200 Latin words, combined with a handful of model sentence structures, to generate Lorem Ipsum which looks reasonable. The generated Lorem Ipsum is therefore always free from repetition, injected humour, or non-characteristic words etc.",
  "email": "zelal@ojjomedia.com",
  "hourlyrate": {
    "minimum": 30,
    "maximum": 50
  },
  "salary": {
    "minimum": 25000,
    "maximum": 35000
  },
  "applyLink": "undefined",
  "expireAt": {
    "$date": {
      "$numberLong": "1651299052693"
    }
  },
  "createdAt": {
    "$date": {
      "$numberLong": "1649571052697"
    }
  },
  "updatedAt": {
    "$date": {
      "$numberLong": "1649571546794"
    }
  },
  "__v": 0
},{
  "_id": {
    "$oid": "6252753852f5accc3ec9e37a"
  },
  "user": {
    "$oid": "622b4d0a210fd3b5bb5a315c"
  },
  "company": {
    "$oid": "6235a54ed7d7deb27329385f"
  },
  "status": {
    "isApproved": true,
    "isPublished": true,
    "isFeatured": false,
    "isActive": true
  },
  "jobTitle": "Senior Creative Developer",
  "location": "Anywhere",
  "region": "Europe",
  "jobTypes": [
    "Freelance"
  ],
  "category": "Construction/Facilities",
  "specialTags": [
    "CSS",
    "React",
    "React Native",
    "HTML"
  ],
  "jobDescription": "It is a long established fact that a reader will be distracted by the readable content of a page when looking at its layout. The point of using Lorem Ipsum is that it has a more-or-less normal distribution of letters, as opposed to using 'Content here, content here', making it look like readable English. Many desktop publishing packages and web page editors now use Lorem Ipsum as their default model text, and a search for 'lorem ipsum' will uncover many web sites still in their infancy. Various versions have evolved over the years, sometimes by accident, sometimes on purpose (injected humour and the like).\r\n\r\nThere are many variations of passages of Lorem Ipsum available, but the majority have suffered alteration in some form, by injected humour, or randomised words which don't look even slightly believable. If you are going to use a passage of Lorem Ipsum, you need to be sure there isn't anything embarrassing hidden in the middle of text. All the Lorem Ipsum generators on the Internet tend to repeat predefined chunks as necessary, making this the first true generator on the Internet. It uses a dictionary of over 200 Latin words, combined with a handful of model sentence structures, to generate Lorem Ipsum which looks reasonable. The generated Lorem Ipsum is therefore always free from repetition, injected humour, or non-characteristic words etc.",
  "email": "zelal@ojjomedia.com",
  "hourlyrate": {
    "minimum": 35,
    "maximum": 55
  },
  "salary": {
    "minimum": 15000,
    "maximum": 35000
  },
  "applyLink": "undefined",
  "expireAt": {
    "$date": {
      "$numberLong": "1651299128726"
    }
  },
  "createdAt": {
    "$date": {
      "$numberLong": "1649571128728"
    }
  },
  "updatedAt": {
    "$date": {
      "$numberLong": "1649571536645"
    }
  },
  "__v": 0
},{
  "_id": {
    "$oid": "625281538754825b78ab6496"
  },
  "user": {
    "$oid": "622b4ce8210fd3b5bb5a3154"
  },
  "status": {
    "isApproved": true,
    "isPublished": true,
    "isFeatured": true,
    "isActive": true
  },
  "jobTitle": "District Metrics Architect",
  "location": "Anywhere",
  "region": "Kihnport",
  "jobTypes": [
    "Remote"
  ],
  "category": "Design/Creative",
  "specialTags": [
    "PHP",
    "CSS",
    "HTML"
  ],
  "jobDescription": "It is a long established fact that a reader will be distracted by the readable content of a page when looking at its layout. The point of using Lorem Ipsum is that it has a more-or-less normal distribution of letters, as opposed to using 'Content here, content here', making it look like readable English. Many desktop publishing packages and web page editors now use Lorem Ipsum as their default model text, and a search for 'lorem ipsum' will uncover many web sites still in their infancy. Various versions have evolved over the years, sometimes by accident, sometimes on purpose (injected humour and the like).\r\n\r\nThere are many variations of passages of Lorem Ipsum available, but the majority have suffered alteration in some form, by injected humour, or randomised words which don't look even slightly believable. If you are going to use a passage of Lorem Ipsum, you need to be sure there isn't anything embarrassing hidden in the middle of text. All the Lorem Ipsum generators on the Internet tend to repeat predefined chunks as necessary, making this the first true generator on the Internet. It uses a dictionary of over 200 Latin words, combined with a handful of model sentence structures, to generate Lorem Ipsum which looks reasonable. The generated Lorem Ipsum is therefore always free from repetition, injected humour, or non-characteristic words etc.",
  "jobExperience": "3",
  "applyDeadline": "Thu Sep 08 2022 02:18:09 GMT+0600 (Bangladesh Standard Time)",
  "hourlyrate": {
    "minimum": 50,
    "maximum": 100
  },
  "salary": {
    "minimum": 10000,
    "maximum": 20000
  },
  "applyLink": "https://examplelink.com",
  "expireAt": {
    "$date": {
      "$numberLong": "1652166227123"
    }
  },
  "createdAt": {
    "$date": {
      "$numberLong": "1649574227142"
    }
  },
  "updatedAt": {
    "$date": {
      "$numberLong": "1649579046428"
    }
  },
  "__v": 0,
  "company": {
    "$oid": "6235a54ed7d7deb27329385f"
  },
  "email": "zelal@ojjomedia.com"
},{
  "_id": {
    "$oid": "625281de29a7c192e3d4f639"
  },
  "user": {
    "$oid": "622b4ce8210fd3b5bb5a3154"
  },
  "status": {
    "isApproved": true,
    "isPublished": true,
    "isFeatured": true,
    "isActive": true
  },
  "jobTitle": "Central Applications Orchestrator",
  "location": "South Mariashire",
  "region": "Aylinville",
  "jobTypes": [
    "Remote"
  ],
  "category": "Education Training",
  "specialTags": [
    "PHP"
  ],
  "jobDescription": "It is a long established fact that a reader will be distracted by the readable content of a page when looking at its layout. The point of using Lorem Ipsum is that it has a more-or-less normal distribution of letters, as opposed to using 'Content here, content here', making it look like readable English. Many desktop publishing packages and web page editors now use Lorem Ipsum as their default model text, and a search for 'lorem ipsum' will uncover many web sites still in their infancy. Various versions have evolved over the years, sometimes by accident, sometimes on purpose (injected humour and the like).\r\n\r\nThere are many variations of passages of Lorem Ipsum available, but the majority have suffered alteration in some form, by injected humour, or randomised words which don't look even slightly believable. If you are going to use a passage of Lorem Ipsum, you need to be sure there isn't anything embarrassing hidden in the middle of text. All the Lorem Ipsum generators on the Internet tend to repeat predefined chunks as necessary, making this the first true generator on the Internet. It uses a dictionary of over 200 Latin words, combined with a handful of model sentence structures, to generate Lorem Ipsum which looks reasonable. The generated Lorem Ipsum is therefore always free from repetition, injected humour, or non-characteristic words etc.",
  "jobExperience": "3",
  "applyDeadline": "Sat Oct 15 2022 08:03:03 GMT+0600 (Bangladesh Standard Time)",
  "hourlyrate": {
    "minimum": 50,
    "maximum": 100
  },
  "salary": {
    "minimum": 10000,
    "maximum": 20000
  },
  "applyLink": "https://examplelink.com",
  "expireAt": {
    "$date": {
      "$numberLong": "1652166366288"
    }
  },
  "createdAt": {
    "$date": {
      "$numberLong": "1649574366297"
    }
  },
  "updatedAt": {
    "$date": {
      "$numberLong": "1649579165151"
    }
  },
  "__v": 0,
  "company": {
    "$oid": "62382fa45e250b413c316598"
  },
  "email": "zelal@ojjomedia.com"
},{
  "_id": {
    "$oid": "6252857ad9dff5752d3edc25"
  },
  "user": {
    "$oid": "622b4ce8210fd3b5bb5a3154"
  },
  "status": {
    "isApproved": true,
    "isPublished": true,
    "isFeatured": true,
    "isActive": true
  },
  "jobTitle": "District Response Manager",
  "location": "Bloomington",
  "region": "Sophiaport",
  "jobTypes": [
    "Remote"
  ],
  "category": "Engineer/Architects",
  "specialTags": [
    "PHP"
  ],
  "jobDescription": "It is a long established fact that a reader will be distracted by the readable content of a page when looking at its layout. The point of using Lorem Ipsum is that it has a more-or-less normal distribution of letters, as opposed to using 'Content here, content here', making it look like readable English. Many desktop publishing packages and web page editors now use Lorem Ipsum as their default model text, and a search for 'lorem ipsum' will uncover many web sites still in their infancy. Various versions have evolved over the years, sometimes by accident, sometimes on purpose (injected humour and the like).\r\n\r\nThere are many variations of passages of Lorem Ipsum available, but the majority have suffered alteration in some form, by injected humour, or randomised words which don't look even slightly believable. If you are going to use a passage of Lorem Ipsum, you need to be sure there isn't anything embarrassing hidden in the middle of text. All the Lorem Ipsum generators on the Internet tend to repeat predefined chunks as necessary, making this the first true generator on the Internet. It uses a dictionary of over 200 Latin words, combined with a handful of model sentence structures, to generate Lorem Ipsum which looks reasonable. The generated Lorem Ipsum is therefore always free from repetition, injected humour, or non-characteristic words etc.",
  "jobExperience": "3",
  "applyDeadline": "Wed Jul 13 2022 04:41:41 GMT+0600 (Bangladesh Standard Time)",
  "hourlyrate": {
    "minimum": 50,
    "maximum": 100
  },
  "salary": {
    "minimum": 10000,
    "maximum": 20000
  },
  "applyLink": "https://examplelink.com",
  "expireAt": {
    "$date": {
      "$numberLong": "1652167290051"
    }
  },
  "createdAt": {
    "$date": {
      "$numberLong": "1649575290087"
    }
  },
  "updatedAt": {
    "$date": {
      "$numberLong": "1649580543702"
    }
  },
  "__v": 0,
  "company": {
    "$oid": "623978f9d59e675e347a7c5e"
  },
  "email": "zelal@ojjomedia.com"
},{
  "_id": {
    "$oid": "625285cca14e4ec6a71f5cc5"
  },
  "user": {
    "$oid": "622b4ce8210fd3b5bb5a3154"
  },
  "status": {
    "isApproved": true,
    "isPublished": true,
    "isFeatured": false,
    "isActive": true
  },
  "jobTitle": "Customer Identity Analyst",
  "location": "Ryanland",
  "region": "Albuquerque",
  "jobTypes": [
    "Remote"
  ],
  "category": "Construction/Facilities",
  "specialTags": [
    "PHP",
    "CSS",
    "React",
    "HTML"
  ],
  "jobDescription": "It is a long established fact that a reader will be distracted by the readable content of a page when looking at its layout. The point of using Lorem Ipsum is that it has a more-or-less normal distribution of letters, as opposed to using 'Content here, content here', making it look like readable English. Many desktop publishing packages and web page editors now use Lorem Ipsum as their default model text, and a search for 'lorem ipsum' will uncover many web sites still in their infancy. Various versions have evolved over the years, sometimes by accident, sometimes on purpose (injected humour and the like).\r\n\r\nThere are many variations of passages of Lorem Ipsum available, but the majority have suffered alteration in some form, by injected humour, or randomised words which don't look even slightly believable. If you are going to use a passage of Lorem Ipsum, you need to be sure there isn't anything embarrassing hidden in the middle of text. All the Lorem Ipsum generators on the Internet tend to repeat predefined chunks as necessary, making this the first true generator on the Internet. It uses a dictionary of over 200 Latin words, combined with a handful of model sentence structures, to generate Lorem Ipsum which looks reasonable. The generated Lorem Ipsum is therefore always free from repetition, injected humour, or non-characteristic words etc.",
  "jobExperience": "3",
  "applyDeadline": "Wed Nov 16 2022 05:19:37 GMT+0600 (Bangladesh Standard Time)",
  "hourlyrate": {
    "minimum": 50,
    "maximum": 100
  },
  "salary": {
    "minimum": 10000,
    "maximum": 20000
  },
  "applyLink": "https://examplelink.com",
  "expireAt": {
    "$date": {
      "$numberLong": "1652167372886"
    }
  },
  "createdAt": {
    "$date": {
      "$numberLong": "1649575372913"
    }
  },
  "updatedAt": {
    "$date": {
      "$numberLong": "1649576682715"
    }
  },
  "__v": 0,
  "company": {
    "$oid": "624beb549da26ad1ef539761"
  },
  "email": "zelal@ojjomedia.com"
},{
  "_id": {
    "$oid": "6252865a313169ffb1eef244"
  },
  "user": {
    "$oid": "622b4ce8210fd3b5bb5a3154"
  },
  "status": {
    "isApproved": true,
    "isPublished": true,
    "isFeatured": true,
    "isActive": true
  },
  "jobTitle": "Forward Branding Coordinator",
  "location": "Westfield",
  "region": "Brekkeview",
  "jobTypes": [
    "Full Time"
  ],
  "category": "Hospitality/Travel",
  "specialTags": [
    "PHP",
    "CSS",
    "React",
    "HTML"
  ],
  "jobDescription": "It is a long established fact that a reader will be distracted by the readable content of a page when looking at its layout. The point of using Lorem Ipsum is that it has a more-or-less normal distribution of letters, as opposed to using 'Content here, content here', making it look like readable English. Many desktop publishing packages and web page editors now use Lorem Ipsum as their default model text, and a search for 'lorem ipsum' will uncover many web sites still in their infancy. Various versions have evolved over the years, sometimes by accident, sometimes on purpose (injected humour and the like).\r\n\r\nThere are many variations of passages of Lorem Ipsum available, but the majority have suffered alteration in some form, by injected humour, or randomised words which don't look even slightly believable. If you are going to use a passage of Lorem Ipsum, you need to be sure there isn't anything embarrassing hidden in the middle of text. All the Lorem Ipsum generators on the Internet tend to repeat predefined chunks as necessary, making this the first true generator on the Internet. It uses a dictionary of over 200 Latin words, combined with a handful of model sentence structures, to generate Lorem Ipsum which looks reasonable. The generated Lorem Ipsum is therefore always free from repetition, injected humour, or non-characteristic words etc.",
  "jobExperience": "3",
  "applyDeadline": "Tue Apr 19 2022 12:10:38 GMT+0600 (Bangladesh Standard Time)",
  "hourlyrate": {
    "minimum": 50,
    "maximum": 100
  },
  "salary": {
    "minimum": 10000,
    "maximum": 20000
  },
  "applyLink": "https://examplelink.com",
  "expireAt": {
    "$date": {
      "$numberLong": "1652167514258"
    }
  },
  "createdAt": {
    "$date": {
      "$numberLong": "1649575514276"
    }
  },
  "updatedAt": {
    "$date": {
      "$numberLong": "1649580405701"
    }
  },
  "__v": 0,
  "company": {
    "$oid": "6232421d2b674a4761d4a050"
  },
  "email": "zelal@ojjomedia.com"
},{
  "_id": {
    "$oid": "6252867b313169ffb1eef269"
  },
  "user": {
    "$oid": "622b4ce8210fd3b5bb5a3154"
  },
  "status": {
    "isApproved": true,
    "isPublished": true,
    "isFeatured": false,
    "isActive": true
  },
  "jobTitle": "Future Integration Agent",
  "location": "South Monique",
  "region": "Bellevue",
  "jobTypes": [
    "Freelance"
  ],
  "category": "Engineer/Architects",
  "specialTags": [
    "PHP",
    "CSS",
    "React",
    "HTML"
  ],
  "jobDescription": "It is a long established fact that a reader will be distracted by the readable content of a page when looking at its layout. The point of using Lorem Ipsum is that it has a more-or-less normal distribution of letters, as opposed to using 'Content here, content here', making it look like readable English. Many desktop publishing packages and web page editors now use Lorem Ipsum as their default model text, and a search for 'lorem ipsum' will uncover many web sites still in their infancy. Various versions have evolved over the years, sometimes by accident, sometimes on purpose (injected humour and the like).\r\n\r\nThere are many variations of passages of Lorem Ipsum available, but the majority have suffered alteration in some form, by injected humour, or randomised words which don't look even slightly believable. If you are going to use a passage of Lorem Ipsum, you need to be sure there isn't anything embarrassing hidden in the middle of text. All the Lorem Ipsum generators on the Internet tend to repeat predefined chunks as necessary, making this the first true generator on the Internet. It uses a dictionary of over 200 Latin words, combined with a handful of model sentence structures, to generate Lorem Ipsum which looks reasonable. The generated Lorem Ipsum is therefore always free from repetition, injected humour, or non-characteristic words etc.",
  "jobExperience": "3",
  "applyDeadline": "Sat Jan 28 2023 16:00:50 GMT+0600 (Bangladesh Standard Time)",
  "hourlyrate": {
    "minimum": 50,
    "maximum": 100
  },
  "salary": {
    "minimum": 10000,
    "maximum": 20000
  },
  "applyLink": "https://examplelink.com",
  "expireAt": {
    "$date": {
      "$numberLong": "1652167547625"
    }
  },
  "createdAt": {
    "$date": {
      "$numberLong": "1649575547632"
    }
  },
  "updatedAt": {
    "$date": {
      "$numberLong": "1649576993202"
    }
  },
  "__v": 0,
  "company": {
    "$oid": "6235a54ed7d7deb27329385f"
  },
  "email": "zelal@ojjomedia.com"
},{
  "_id": {
    "$oid": "625290c33dedf50ef3973a70"
  },
  "user": {
    "$oid": "622b4d0a210fd3b5bb5a315c"
  },
  "company": {
    "$oid": "623978f9d59e675e347a7c5e"
  },
  "status": {
    "isApproved": true,
    "isPublished": true,
    "isFeatured": false,
    "isActive": true
  },
  "jobTitle": "Head Of Commercial Contracts",
  "location": "Anywhere",
  "region": "Asia",
  "jobTypes": [
    "Full Time"
  ],
  "category": "Electrician/Repair",
  "specialTags": [
    "CSS",
    "React",
    "HTML"
  ],
  "jobDescription": "It is a long established fact that a reader will be distracted by the readable content of a page when looking at its layout. The point of using Lorem Ipsum is that it has a more-or-less normal distribution of letters, as opposed to using 'Content here, content here', making it look like readable English. Many desktop publishing packages and web page editors now use Lorem Ipsum as their default model text, and a search for 'lorem ipsum' will uncover many web sites still in their infancy. Various versions have evolved over the years, sometimes by accident, sometimes on purpose (injected humour and the like).\r\n\r\nThere are many variations of passages of Lorem Ipsum available, but the majority have suffered alteration in some form, by injected humour, or randomised words which don't look even slightly believable. If you are going to use a passage of Lorem Ipsum, you need to be sure there isn't anything embarrassing hidden in the middle of text. All the Lorem Ipsum generators on the Internet tend to repeat predefined chunks as necessary, making this the first true generator on the Internet. It uses a dictionary of over 200 Latin words, combined with a handful of model sentence structures, to generate Lorem Ipsum which looks reasonable. The generated Lorem Ipsum is therefore always free from repetition, injected humour, or non-characteristic words etc.",
  "email": "zelal@ojjomedia.com",
  "hourlyrate": {
    "minimum": 30,
    "maximum": 50
  },
  "salary": {
    "minimum": 15000,
    "maximum": 35000
  },
  "applyLink": "undefined",
  "expireAt": {
    "$date": {
      "$numberLong": "1651306179543"
    }
  },
  "createdAt": {
    "$date": {
      "$numberLong": "1649578179554"
    }
  },
  "updatedAt": {
    "$date": {
      "$numberLong": "1649578296334"
    }
  },
  "__v": 0
},{
  "_id": {
    "$oid": "6252919c3dedf50ef3973e1f"
  },
  "user": {
    "$oid": "622b4d0a210fd3b5bb5a315c"
  },
  "company": {
    "$oid": "624beb549da26ad1ef539761"
  },
  "status": {
    "isApproved": true,
    "isPublished": true,
    "isFeatured": true,
    "isActive": true
  },
  "jobTitle": "Program Finance Cost Accountant Job",
  "location": "Anywhere",
  "region": "Asia",
  "jobTypes": [
    "Temporary"
  ],
  "category": "IT/Telecommunication",
  "specialTags": [
    "CSS",
    "React Native",
    "HTML",
    "React",
    "Development"
  ],
  "jobDescription": "It is a long established fact that a reader will be distracted by the readable content of a page when looking at its layout. The point of using Lorem Ipsum is that it has a more-or-less normal distribution of letters, as opposed to using 'Content here, content here', making it look like readable English. Many desktop publishing packages and web page editors now use Lorem Ipsum as their default model text, and a search for 'lorem ipsum' will uncover many web sites still in their infancy. Various versions have evolved over the years, sometimes by accident, sometimes on purpose (injected humour and the like).\r\n\r\nThere are many variations of passages of Lorem Ipsum available, but the majority have suffered alteration in some form, by injected humour, or randomised words which don't look even slightly believable. If you are going to use a passage of Lorem Ipsum, you need to be sure there isn't anything embarrassing hidden in the middle of text. All the Lorem Ipsum generators on the Internet tend to repeat predefined chunks as necessary, making this the first true generator on the Internet. It uses a dictionary of over 200 Latin words, combined with a handful of model sentence structures, to generate Lorem Ipsum which looks reasonable. The generated Lorem Ipsum is therefore always free from repetition, injected humour, or non-characteristic words etc.",
  "email": "zelal@ojjomedia.com",
  "hourlyrate": {
    "minimum": 35,
    "maximum": 55
  },
  "salary": {
    "minimum": 25000,
    "maximum": 45000
  },
  "applyLink": "undefined",
  "expireAt": {
    "$date": {
      "$numberLong": "1651306396339"
    }
  },
  "createdAt": {
    "$date": {
      "$numberLong": "1649578396346"
    }
  },
  "updatedAt": {
    "$date": {
      "$numberLong": "1649580416693"
    }
  },
  "__v": 0
},{
  "_id": {
    "$oid": "625292283dedf50ef3973fc1"
  },
  "user": {
    "$oid": "622b4d0a210fd3b5bb5a315c"
  },
  "company": {
    "$oid": "6232421d2b674a4761d4a050"
  },
  "status": {
    "isApproved": true,
    "isPublished": true,
    "isFeatured": false,
    "isActive": true
  },
  "jobTitle": "Senior Creative Developer",
  "location": "Anywhere",
  "region": "Asia",
  "jobTypes": [
    "Freelance"
  ],
  "category": "IT/Telecommunication",
  "specialTags": [
    "CSS",
    "React",
    "React Native",
    "HTML",
    "Development"
  ],
  "jobDescription": "It is a long established fact that a reader will be distracted by the readable content of a page when looking at its layout. The point of using Lorem Ipsum is that it has a more-or-less normal distribution of letters, as opposed to using 'Content here, content here', making it look like readable English. Many desktop publishing packages and web page editors now use Lorem Ipsum as their default model text, and a search for 'lorem ipsum' will uncover many web sites still in their infancy. Various versions have evolved over the years, sometimes by accident, sometimes on purpose (injected humour and the like).\r\n\r\nThere are many variations of passages of Lorem Ipsum available, but the majority have suffered alteration in some form, by injected humour, or randomised words which don't look even slightly believable. If you are going to use a passage of Lorem Ipsum, you need to be sure there isn't anything embarrassing hidden in the middle of text. All the Lorem Ipsum generators on the Internet tend to repeat predefined chunks as necessary, making this the first true generator on the Internet. It uses a dictionary of over 200 Latin words, combined with a handful of model sentence structures, to generate Lorem Ipsum which looks reasonable. The generated Lorem Ipsum is therefore always free from repetition, injected humour, or non-characteristic words etc.",
  "email": "zelal@ojjomedia.com",
  "hourlyrate": {
    "minimum": 30,
    "maximum": 50
  },
  "salary": {
    "minimum": 25000,
    "maximum": 45000
  },
  "applyLink": "undefined",
  "expireAt": {
    "$date": {
      "$numberLong": "1651306536635"
    }
  },
  "createdAt": {
    "$date": {
      "$numberLong": "1649578536639"
    }
  },
  "updatedAt": {
    "$date": {
      "$numberLong": "1649578781063"
    }
  },
  "__v": 0
},{
  "_id": {
    "$oid": "6252927a3dedf50ef3974173"
  },
  "user": {
    "$oid": "622b4d0a210fd3b5bb5a315c"
  },
  "company": {
    "$oid": "62382fa45e250b413c316598"
  },
  "status": {
    "isApproved": true,
    "isPublished": true,
    "isFeatured": true,
    "isActive": true
  },
  "jobTitle": "Telecommunication Systems Engineer",
  "location": "Anywhere",
  "region": "Asia",
  "jobTypes": [
    "Full Time"
  ],
  "category": "Accounting/Finance",
  "specialTags": [
    "React Native"
  ],
  "jobDescription": "It is a long established fact that a reader will be distracted by the readable content of a page when looking at its layout. The point of using Lorem Ipsum is that it has a more-or-less normal distribution of letters, as opposed to using 'Content here, content here', making it look like readable English. Many desktop publishing packages and web page editors now use Lorem Ipsum as their default model text, and a search for 'lorem ipsum' will uncover many web sites still in their infancy. Various versions have evolved over the years, sometimes by accident, sometimes on purpose (injected humour and the like).\r\n\r\nThere are many variations of passages of Lorem Ipsum available, but the majority have suffered alteration in some form, by injected humour, or randomised words which don't look even slightly believable. If you are going to use a passage of Lorem Ipsum, you need to be sure there isn't anything embarrassing hidden in the middle of text. All the Lorem Ipsum generators on the Internet tend to repeat predefined chunks as necessary, making this the first true generator on the Internet. It uses a dictionary of over 200 Latin words, combined with a handful of model sentence structures, to generate Lorem Ipsum which looks reasonable. The generated Lorem Ipsum is therefore always free from repetition, injected humour, or non-characteristic words etc.",
  "email": "zelal@ojjomedia.com",
  "hourlyrate": {
    "minimum": 30,
    "maximum": 50
  },
  "salary": {
    "minimum": 25000,
    "maximum": 35000
  },
  "applyLink": "undefined",
  "expireAt": {
    "$date": {
      "$numberLong": "1651306618046"
    }
  },
  "createdAt": {
    "$date": {
      "$numberLong": "1649578618050"
    }
  },
  "updatedAt": {
    "$date": {
      "$numberLong": "1649580422840"
    }
  },
  "__v": 0
},{
  "_id": {
    "$oid": "625292f33dedf50ef3974378"
  },
  "user": {
    "$oid": "622b4d0a210fd3b5bb5a315c"
  },
  "company": {
    "$oid": "6235a54ed7d7deb27329385f"
  },
  "status": {
    "isApproved": true,
    "isPublished": true,
    "isFeatured": false,
    "isActive": true
  },
  "jobTitle": "Social Media And Public Relation Executive",
  "location": "Anywhere",
  "region": "Asia",
  "jobTypes": [
    "Freelance"
  ],
  "category": "Marketing/Sales",
  "specialTags": [
    "CSS",
    "React",
    "HTML",
    "Development"
  ],
  "jobDescription": "It is a long established fact that a reader will be distracted by the readable content of a page when looking at its layout. The point of using Lorem Ipsum is that it has a more-or-less normal distribution of letters, as opposed to using 'Content here, content here', making it look like readable English. Many desktop publishing packages and web page editors now use Lorem Ipsum as their default model text, and a search for 'lorem ipsum' will uncover many web sites still in their infancy. Various versions have evolved over the years, sometimes by accident, sometimes on purpose (injected humour and the like).\r\n\r\nThere are many variations of passages of Lorem Ipsum available, but the majority have suffered alteration in some form, by injected humour, or randomised words which don't look even slightly believable. If you are going to use a passage of Lorem Ipsum, you need to be sure there isn't anything embarrassing hidden in the middle of text. All the Lorem Ipsum generators on the Internet tend to repeat predefined chunks as necessary, making this the first true generator on the Internet. It uses a dictionary of over 200 Latin words, combined with a handful of model sentence structures, to generate Lorem Ipsum which looks reasonable. The generated Lorem Ipsum is therefore always free from repetition, injected humour, or non-characteristic words etc.",
  "email": "zelal@ojjomedia.com",
  "hourlyrate": {
    "minimum": 30,
    "maximum": 50
  },
  "salary": {
    "minimum": 25000,
    "maximum": 45000
  },
  "applyLink": "undefined",
  "expireAt": {
    "$date": {
      "$numberLong": "1651306739187"
    }
  },
  "createdAt": {
    "$date": {
      "$numberLong": "1649578739191"
    }
  },
  "updatedAt": {
    "$date": {
      "$numberLong": "1649578761914"
    }
  },
  "__v": 0
},{
  "_id": {
    "$oid": "6252938d3dedf50ef3974b6d"
  },
  "user": {
    "$oid": "622b4d0a210fd3b5bb5a315c"
  },
  "company": {
    "$oid": "623978f9d59e675e347a7c5e"
  },
  "status": {
    "isApproved": true,
    "isPublished": true,
    "isFeatured": true,
    "isActive": true
  },
  "jobTitle": "Head Of Commercial Contracts",
  "location": "Anywhere",
  "region": "Asia",
  "jobTypes": [
    "Contact Base"
  ],
  "category": "Accounting/Finance",
  "specialTags": [
    "CSS",
    "HTML",
    "Development"
  ],
  "jobDescription": "It is a long established fact that a reader will be distracted by the readable content of a page when looking at its layout. The point of using Lorem Ipsum is that it has a more-or-less normal distribution of letters, as opposed to using 'Content here, content here', making it look like readable English. Many desktop publishing packages and web page editors now use Lorem Ipsum as their default model text, and a search for 'lorem ipsum' will uncover many web sites still in their infancy. Various versions have evolved over the years, sometimes by accident, sometimes on purpose (injected humour and the like).\r\n\r\nThere are many variations of passages of Lorem Ipsum available, but the majority have suffered alteration in some form, by injected humour, or randomised words which don't look even slightly believable. If you are going to use a passage of Lorem Ipsum, you need to be sure there isn't anything embarrassing hidden in the middle of text. All the Lorem Ipsum generators on the Internet tend to repeat predefined chunks as necessary, making this the first true generator on the Internet. It uses a dictionary of over 200 Latin words, combined with a handful of model sentence structures, to generate Lorem Ipsum which looks reasonable. The generated Lorem Ipsum is therefore always free from repetition, injected humour, or non-characteristic words etc.",
  "email": "zelal@ojjomedia.com",
  "hourlyrate": {
    "minimum": 30,
    "maximum": 50
  },
  "salary": {
    "minimum": 25000,
    "maximum": 45000
  },
  "applyLink": "undefined",
  "expireAt": {
    "$date": {
      "$numberLong": "1651306893100"
    }
  },
  "createdAt": {
    "$date": {
      "$numberLong": "1649578893104"
    }
  },
  "updatedAt": {
    "$date": {
      "$numberLong": "1649580441884"
    }
  },
  "__v": 0
}]