[{
  "_id": {
    "$oid": "623224cf28b7e36ef6295d4f"
  },
  "user": {
    "$oid": "6230e1ee604699b80d342b7b"
  },
  "notification": [
    {
      "message": "Job is Applied",
      "timestamp": "2022-05-09T07:54:40.954Z",
      "event": "JOB_APPLIED",
      "status": "READ",
      "_id": {
        "$oid": "6278c8c13dedf50ef397f8a6"
      }
    },
    {
      "message": "Request to reset password",
      "timestamp": "2022-05-09T03:18:35.313Z",
      "event": "RESET_PASSWORD",
      "status": "READ",
      "_id": {
        "$oid": "6278880b3dedf50ef397e82e"
      }
    },
    {
      "message": "Job Alert",
      "timestamp": "2022-05-08T00:00:06.731Z",
      "event": "JOB_ALERT",
      "status": "READ",
      "_id": {
        "$oid": "627708063dedf50ef397e159"
      }
    },
    {
      "message": "Job Alert",
      "timestamp": "2022-05-01T00:00:09.972Z",
      "event": "JOB_ALERT",
      "status": "READ",
      "_id": {
        "$oid": "626dcd8a3dedf50ef397ca97"
      }
    },
    {
      "message": "Job Alert",
      "timestamp": "2022-04-24T00:00:06.583Z",
      "event": "JOB_ALERT",
      "status": "UNREAD",
      "_id": {
        "$oid": "626493063dedf50ef397b998"
      }
    },
    {
      "message": "Job Alert",
      "timestamp": "2022-04-17T00:00:05.033Z",
      "event": "JOB_ALERT",
      "status": "READ",
      "_id": {
        "$oid": "625b58853dedf50ef3979a05"
      }
    },
    {
      "message": "Your Job is listed featured",
      "timestamp": "2022-04-14T07:53:34.039Z",
      "event": "JOB_FEATURED",
      "status": "READ",
      "_id": {
        "$oid": "6257d2fe3dedf50ef3978953"
      }
    },
    {
      "message": "Your Job is Live",
      "timestamp": "2022-04-10T07:13:34.517Z",
      "event": "JOB_APPROVED",
      "status": "READ",
      "_id": {
        "$oid": "6252839e29a7c192e3d4f79f"
      }
    },
    {
      "message": "Your Job is Non-Featured",
      "timestamp": "2022-04-10T07:13:11.857Z",
      "event": "JOB_NON-FEATURED",
      "status": "READ",
      "_id": {
        "$oid": "6252838829a7c192e3d4f71a"
      }
    },
    {
      "message": "Job Alert",
      "timestamp": "2022-04-10T00:00:06.389Z",
      "event": "JOB_ALERT",
      "status": "READ",
      "_id": {
        "$oid": "62521e06312fc9926c351c28"
      }
    },
    {
      "message": "Your Job is Live",
      "timestamp": "2022-04-07T04:58:11.656Z",
      "event": "JOB_APPROVED",
      "status": "READ",
      "_id": {
        "$oid": "624e6f63095b8dc851d339c9"
      }
    },
    {
      "message": "Your Job is Live",
      "timestamp": "2022-04-05T10:25:57.764Z",
      "event": "JOB_APPROVED",
      "status": "READ",
      "_id": {
        "$oid": "624c1936471afaba20bc1754"
      }
    },
    {
      "message": "Job Alert",
      "timestamp": "2022-04-03T00:00:07.900Z",
      "event": "JOB_ALERT",
      "status": "READ",
      "_id": {
        "$oid": "6248e388bf3a28adaae42e84"
      }
    },
    {
      "message": "Your Job is Live",
      "timestamp": "2022-03-24T20:11:07.597Z",
      "event": "JOB_APPROVED",
      "status": "READ",
      "_id": {
        "$oid": "623cd05b44959d28a8d9b228"
      }
    },
    {
      "message": "Your Job is Deleted",
      "timestamp": "2022-03-24T20:10:59.127Z",
      "event": "JOB_DELETED",
      "status": "READ",
      "_id": {
        "$oid": "623cd05344959d28a8d9b1cb"
      }
    },
    {
      "message": "Your Resume is Live",
      "timestamp": "2022-03-24T14:31:37.811Z",
      "event": "RESUME_PUBLISHED",
      "status": "READ",
      "_id": {
        "$oid": "623c80ca44959d28a8d9a94a"
      }
    },
    {
      "message": "Your Job is Published",
      "timestamp": "2022-03-23T09:06:55.487Z",
      "event": "JOB_PUBLISHED",
      "status": "READ",
      "_id": {
        "$oid": "623ae32f9fe1bcd70187e837"
      }
    },
    {
      "message": "Your Resume is Deleted",
      "timestamp": "2022-03-22T11:27:21.349Z",
      "event": "RESUME_DELETED",
      "status": "READ",
      "_id": {
        "$oid": "6239b29940cd80746f566d20"
      }
    },
    {
      "message": "Your Resume is Deleted",
      "timestamp": "2022-03-22T10:30:58.711Z",
      "event": "RESUME_DELETED",
      "status": "READ",
      "_id": {
        "$oid": "6239a56340cd80746f566442"
      }
    },
    {
      "message": "Your Resume is Deleted",
      "timestamp": "2022-03-21T16:31:55.278Z",
      "event": "RESUME_DELETED",
      "status": "READ",
      "_id": {
        "$oid": "6238a87b415be1e1f329af69"
      }
    },
    {
      "message": "Your Resume is Deleted",
      "timestamp": "2022-03-21T12:58:11.115Z",
      "event": "RESUME_DELETED",
      "status": "READ",
      "_id": {
        "$oid": "62387663c0d5bc475cedb987"
      }
    },
    {
      "message": "Your Job is Deleted",
      "timestamp": "2022-03-20T11:59:22.447Z",
      "event": "JOB_DELETED",
      "status": "UNREAD",
      "_id": {
        "$oid": "6237171a51c4db8e124cacc7"
      }
    },
    {
      "message": "Your Job is Deleted",
      "timestamp": "2022-03-20T11:22:35.783Z",
      "event": "JOB_DELETED",
      "status": "UNREAD",
      "_id": {
        "$oid": "62370e7c51c4db8e124cab78"
      }
    },
    {
      "message": "Your Job is Deleted",
      "timestamp": "2022-03-20T11:22:32.275Z",
      "event": "JOB_DELETED",
      "status": "UNREAD",
      "_id": {
        "$oid": "62370e7851c4db8e124cab2d"
      }
    },
    {
      "message": "Your Job is Deleted",
      "timestamp": "2022-03-20T11:22:28.869Z",
      "event": "JOB_DELETED",
      "status": "UNREAD",
      "_id": {
        "$oid": "62370e7551c4db8e124caae4"
      }
    },
    {
      "message": "Your Job is Deleted",
      "timestamp": "2022-03-20T11:22:24.893Z",
      "event": "JOB_DELETED",
      "status": "UNREAD",
      "_id": {
        "$oid": "62370e7151c4db8e124caa9d"
      }
    },
    {
      "message": "Your Job is Deleted",
      "timestamp": "2022-03-20T11:22:20.508Z",
      "event": "JOB_DELETED",
      "status": "UNREAD",
      "_id": {
        "$oid": "62370e6c51c4db8e124caa58"
      }
    },
    {
      "message": "Your Job is Deleted",
      "timestamp": "2022-03-20T10:45:20.961Z",
      "event": "JOB_DELETED",
      "status": "UNREAD",
      "_id": {
        "$oid": "623705c16e212a53760dfed9"
      }
    },
    {
      "message": "Your Job is Deleted",
      "timestamp": "2022-03-20T10:45:17.576Z",
      "event": "JOB_DELETED",
      "status": "UNREAD",
      "_id": {
        "$oid": "623705bd6e212a53760dfe98"
      }
    },
    {
      "message": "Your Job is Deleted",
      "timestamp": "2022-03-20T10:45:10.047Z",
      "event": "JOB_DELETED",
      "status": "UNREAD",
      "_id": {
        "$oid": "623705b66e212a53760dfe59"
      }
    },
    {
      "message": "Your Job is Deleted",
      "timestamp": "2022-03-20T10:45:04.396Z",
      "event": "JOB_DELETED",
      "status": "UNREAD",
      "_id": {
        "$oid": "623705b06e212a53760dfe1a"
      }
    },
    {
      "message": "Your Job is Deleted",
      "timestamp": "2022-03-20T10:44:58.886Z",
      "event": "JOB_DELETED",
      "status": "UNREAD",
      "_id": {
        "$oid": "623705ab6e212a53760dfdde"
      }
    },
    {
      "message": "Your Job is Deleted",
      "timestamp": "2022-03-20T10:44:55.110Z",
      "event": "JOB_DELETED",
      "status": "UNREAD",
      "_id": {
        "$oid": "623705a76e212a53760dfda5"
      }
    },
    {
      "message": "Your Job is Deleted",
      "timestamp": "2022-03-20T10:44:50.020Z",
      "event": "JOB_DELETED",
      "status": "UNREAD",
      "_id": {
        "$oid": "623705a26e212a53760dfd6e"
      }
    },
    {
      "message": "Your Resume is Live",
      "timestamp": "2022-03-20T06:39:40.683Z",
      "event": "RESUME_PUBLISHED",
      "status": "UNREAD",
      "_id": {
        "$oid": "6236cc2cd67bb561cafe3207"
      }
    },
    {
      "message": "Your Resume is Live",
      "timestamp": "2022-03-20T06:37:42.649Z",
      "event": "RESUME_PUBLISHED",
      "status": "UNREAD",
      "_id": {
        "$oid": "6236cbb6d67bb561cafe31d3"
      }
    },
    {
      "message": "Your Resume is Live",
      "timestamp": "2022-03-20T06:33:11.323Z",
      "event": "RESUME_PUBLISHED",
      "status": "UNREAD",
      "_id": {
        "$oid": "6236caa7d67bb561cafe31a0"
      }
    },
    {
      "message": "Your Resume is Live",
      "timestamp": "2022-03-20T06:32:43.654Z",
      "event": "RESUME_PUBLISHED",
      "status": "UNREAD",
      "_id": {
        "$oid": "6236ca8bd67bb561cafe316f"
      }
    },
    {
      "message": "Your resume has been published successfully",
      "timestamp": "2022-03-20T06:03:54.981Z",
      "event": "RESUME_PUBLISHED",
      "status": "UNREAD",
      "_id": {
        "$oid": "6236c3cb6e44d1e20ae55bf2"
      }
    },
    {
      "message": "Your job has been  deleted",
      "timestamp": "2022-03-19T19:21:59.604Z",
      "event": "JOB_DELETED",
      "status": "UNREAD",
      "_id": {
        "$oid": "62362d576e44d1e20ae555e6"
      }
    },
    {
      "message": "Your job has been  deleted",
      "timestamp": "2022-03-19T19:13:02.784Z",
      "event": "JOB_DELETED",
      "status": "UNREAD",
      "_id": {
        "$oid": "62362b3f6e44d1e20ae555a1"
      }
    },
    {
      "message": "Your job has been  deleted",
      "timestamp": "2022-03-19T19:09:01.675Z",
      "event": "JOB_DELETED",
      "status": "UNREAD",
      "_id": {
        "$oid": "62362a4dbc27ad8eae8d66d4"
      }
    },
    {
      "message": "Your job has been  deleted",
      "timestamp": "2022-03-19T19:06:33.464Z",
      "event": "JOB_DELETED",
      "status": "UNREAD",
      "_id": {
        "$oid": "623629b9bc27ad8eae8d66af"
      }
    },
    {
      "message": "Your job has been  deleted",
      "timestamp": "2022-03-19T19:05:36.684Z",
      "event": "JOB_DELETED",
      "status": "UNREAD",
      "_id": {
        "$oid": "62362980bc27ad8eae8d6686"
      }
    },
    {
      "message": "Your job has been published successfully",
      "timestamp": "2022-03-19T14:02:54.509Z",
      "event": "JOB_PUBLISHED",
      "status": "UNREAD",
      "_id": {
        "$oid": "6235e28efcf20bcdd9c1a499"
      }
    },
    {
      "message": "Your job has been published successfully",
      "timestamp": "2022-03-19T13:57:10.512Z",
      "event": "JOB_PUBLISHED",
      "status": "UNREAD",
      "_id": {
        "$oid": "6235e136fcf20bcdd9c1a462"
      }
    },
    {
      "message": "Your Company has been published successfully",
      "timestamp": "2022-03-19T09:41:37.961Z",
      "event": "COMPANY_PUBLISHED",
      "status": "UNREAD",
      "_id": {
        "$oid": "6235a552d7d7deb27329386e"
      }
    },
    {
      "message": "Your resume has been published successfully",
      "timestamp": "2022-03-17T07:12:37.370Z",
      "event": "RESUME_PUBLISHED",
      "status": "UNREAD",
      "_id": {
        "$oid": "6232df65d5c4817b106e045c"
      }
    },
    {
      "message": "You have new notification- Job Created Successfully",
      "timestamp": "2022-03-16T17:56:31.073Z",
      "event": "JOB_PUBLISHED",
      "status": "UNREAD",
      "_id": {
        "$oid": "623224cf28b7e36ef6295d50"
      }
    },
    {
      "message": "You have notification- Job Created Successfully",
      "timestamp": "2022-03-16T17:57:52.607Z",
      "event": "JOB_PUBLISHED",
      "status": "UNREAD",
      "_id": {
        "$oid": "62322520ef5d16c0e2af4232"
      }
    },
    {
      "message": "You have notification- Job Created Successfully",
      "timestamp": "2022-03-16T18:08:49.119Z",
      "event": "JOB_PUBLISHED",
      "status": "UNREAD",
      "_id": {
        "$oid": "623227b1e702cbe223a4908d"
      }
    },
    {
      "message": "You have notification- Job Created Successfully",
      "timestamp": "2022-03-16T19:56:20.146Z",
      "event": "JOB_PUBLISHED",
      "status": "UNREAD",
      "_id": {
        "$oid": "623240e42b674a4761d4a01f"
      }
    },
    {
      "message": "You have notification- Job Created Successfully",
      "timestamp": "2022-03-17T06:13:28.421Z",
      "event": "JOB_PUBLISHED",
      "status": "UNREAD",
      "_id": {
        "$oid": "6232d188e00d0e22d17b5f9e"
      }
    },
    {
      "message": "You have notification- Job Created Successfully",
      "timestamp": "2022-03-17T06:14:16.050Z",
      "event": "JOB_PUBLISHED",
      "status": "UNREAD",
      "_id": {
        "$oid": "6232d1b8e00d0e22d17b5fcf"
      }
    },
    {
      "message": "You have notification- Job Created Successfully",
      "timestamp": "2022-03-17T06:15:45.240Z",
      "event": "JOB_PUBLISHED",
      "status": "UNREAD",
      "_id": {
        "$oid": "6232d211e00d0e22d17b600b"
      }
    },
    {
      "message": "Your resume has been published successfully",
      "timestamp": "2022-03-17T06:40:46.224Z",
      "event": "RESUME_PUBLISHED",
      "status": "UNREAD",
      "_id": {
        "$oid": "6232d7ee515bc794fd316efe"
      }
    },
    {
      "message": "Your resume has been published successfully",
      "timestamp": "2022-03-17T07:10:33.889Z",
      "event": "RESUME_PUBLISHED",
      "status": "UNREAD",
      "_id": {
        "$oid": "6232deea201dd1ef0f6668e1"
      }
    }
  ],
  "__v": 0
},{
  "_id": {
    "$oid": "623241e92b674a4761d4a044"
  },
  "user": {
    "$oid": "622b4d0a210fd3b5bb5a315c"
  },
  "notification": [
    {
      "message": "Job Alert",
      "timestamp": "2022-05-10T00:00:09.287Z",
      "event": "JOB_ALERT",
      "status": "UNREAD",
      "_id": {
        "$oid": "6279ab093dedf50ef3980254"
      }
    },
    {
      "message": "Job Alert",
      "timestamp": "2022-05-09T00:00:08.314Z",
      "event": "JOB_ALERT",
      "status": "READ",
      "_id": {
        "$oid": "627859883dedf50ef397e339"
      }
    },
    {
      "message": "Job Alert",
      "timestamp": "2022-05-08T00:00:05.940Z",
      "event": "JOB_ALERT",
      "status": "READ",
      "_id": {
        "$oid": "627708063dedf50ef397e02d"
      }
    },
    {
      "message": "Job Alert",
      "timestamp": "2022-05-07T00:00:05.784Z",
      "event": "JOB_ALERT",
      "status": "READ",
      "_id": {
        "$oid": "6275b6863dedf50ef397dc16"
      }
    },
    {
      "message": "Job Alert",
      "timestamp": "2022-05-06T00:00:05.335Z",
      "event": "JOB_ALERT",
      "status": "UNREAD",
      "_id": {
        "$oid": "627465053dedf50ef397d86b"
      }
    },
    {
      "message": "Job Alert",
      "timestamp": "2022-05-05T00:00:04.236Z",
      "event": "JOB_ALERT",
      "status": "READ",
      "_id": {
        "$oid": "627313843dedf50ef397d6a2"
      }
    },
    {
      "message": "Job Alert",
      "timestamp": "2022-05-04T00:00:03.321Z",
      "event": "JOB_ALERT",
      "status": "READ",
      "_id": {
        "$oid": "6271c2033dedf50ef397d4d4"
      }
    },
    {
      "message": "Job Alert",
      "timestamp": "2022-05-03T00:00:07.758Z",
      "event": "JOB_ALERT",
      "status": "READ",
      "_id": {
        "$oid": "627070883dedf50ef397d0d0"
      }
    },
    {
      "message": "Job Alert",
      "timestamp": "2022-05-02T00:00:06.260Z",
      "event": "JOB_ALERT",
      "status": "READ",
      "_id": {
        "$oid": "626f1f063dedf50ef397ce76"
      }
    },
    {
      "message": "Job Alert",
      "timestamp": "2022-05-01T00:00:09.969Z",
      "event": "JOB_ALERT",
      "status": "UNREAD",
      "_id": {
        "$oid": "626dcd8a3dedf50ef397cb75"
      }
    },
    {
      "message": "Job Alert",
      "timestamp": "2022-04-30T00:00:04.499Z",
      "event": "JOB_ALERT",
      "status": "UNREAD",
      "_id": {
        "$oid": "626c7c053dedf50ef397c966"
      }
    },
    {
      "message": "Job Alert",
      "timestamp": "2022-04-29T00:00:08.866Z",
      "event": "JOB_ALERT",
      "status": "UNREAD",
      "_id": {
        "$oid": "626b2a893dedf50ef397c7a0"
      }
    },
    {
      "message": "Job Alert",
      "timestamp": "2022-04-28T00:00:04.999Z",
      "event": "JOB_ALERT",
      "status": "UNREAD",
      "_id": {
        "$oid": "6269d9053dedf50ef397c5e5"
      }
    },
    {
      "message": "Job Alert",
      "timestamp": "2022-04-27T00:00:06.806Z",
      "event": "JOB_ALERT",
      "status": "UNREAD",
      "_id": {
        "$oid": "626887873dedf50ef397c412"
      }
    },
    {
      "message": "Job Alert",
      "timestamp": "2022-04-26T00:00:04.389Z",
      "event": "JOB_ALERT",
      "status": "UNREAD",
      "_id": {
        "$oid": "626736043dedf50ef397c248"
      }
    },
    {
      "message": "Job Alert",
      "timestamp": "2022-04-25T00:00:04.579Z",
      "event": "JOB_ALERT",
      "status": "UNREAD",
      "_id": {
        "$oid": "6265e4853dedf50ef397be81"
      }
    },
    {
      "message": "Job Alert",
      "timestamp": "2022-04-24T00:00:06.583Z",
      "event": "JOB_ALERT",
      "status": "UNREAD",
      "_id": {
        "$oid": "626493073dedf50ef397ba75"
      }
    },
    {
      "message": "Job Alert",
      "timestamp": "2022-04-23T00:00:06.039Z",
      "event": "JOB_ALERT",
      "status": "UNREAD",
      "_id": {
        "$oid": "626341863dedf50ef397b7f3"
      }
    },
    {
      "message": "Job Alert",
      "timestamp": "2022-04-22T00:00:03.649Z",
      "event": "JOB_ALERT",
      "status": "UNREAD",
      "_id": {
        "$oid": "6261f0043dedf50ef397b602"
      }
    },
    {
      "message": "Job Alert",
      "timestamp": "2022-04-21T00:00:04.463Z",
      "event": "JOB_ALERT",
      "status": "UNREAD",
      "_id": {
        "$oid": "62609e853dedf50ef397b3e0"
      }
    },
    {
      "message": "Job Alert",
      "timestamp": "2022-04-20T00:00:06.894Z",
      "event": "JOB_ALERT",
      "status": "UNREAD",
      "_id": {
        "$oid": "625f4d073dedf50ef397b00f"
      }
    },
    {
      "message": "Job Alert",
      "timestamp": "2022-04-19T00:00:06.327Z",
      "event": "JOB_ALERT",
      "status": "UNREAD",
      "_id": {
        "$oid": "625dfb863dedf50ef397a731"
      }
    },
    {
      "message": "Job Alert",
      "timestamp": "2022-04-18T00:00:07.014Z",
      "event": "JOB_ALERT",
      "status": "UNREAD",
      "_id": {
        "$oid": "625caa073dedf50ef397a212"
      }
    },
    {
      "message": "Job Alert",
      "timestamp": "2022-04-17T00:00:05.118Z",
      "event": "JOB_ALERT",
      "status": "UNREAD",
      "_id": {
        "$oid": "625b58853dedf50ef3979b2f"
      }
    },
    {
      "message": "Job Alert",
      "timestamp": "2022-04-16T00:00:03.218Z",
      "event": "JOB_ALERT",
      "status": "UNREAD",
      "_id": {
        "$oid": "625a07033dedf50ef3978ee1"
      }
    },
    {
      "message": "Job Alert",
      "timestamp": "2022-04-15T00:00:04.838Z",
      "event": "JOB_ALERT",
      "status": "UNREAD",
      "_id": {
        "$oid": "6258b5853dedf50ef3978ce4"
      }
    },
    {
      "message": "Job Alert",
      "timestamp": "2022-04-14T00:00:02.829Z",
      "event": "JOB_ALERT",
      "status": "UNREAD",
      "_id": {
        "$oid": "625764033dedf50ef3978711"
      }
    },
    {
      "message": "Job Alert",
      "timestamp": "2022-04-13T00:00:03.004Z",
      "event": "JOB_ALERT",
      "status": "UNREAD",
      "_id": {
        "$oid": "625612833dedf50ef3977f36"
      }
    },
    {
      "message": "Job Alert",
      "timestamp": "2022-04-12T00:00:05.333Z",
      "event": "JOB_ALERT",
      "status": "UNREAD",
      "_id": {
        "$oid": "6254c1053dedf50ef3977b4f"
      }
    },
    {
      "message": "Job Alert",
      "timestamp": "2022-04-11T00:00:04.157Z",
      "event": "JOB_ALERT",
      "status": "UNREAD",
      "_id": {
        "$oid": "62536f843dedf50ef3977858"
      }
    },
    {
      "message": "Job Alert",
      "timestamp": "2022-04-10T18:00:09.207Z",
      "event": "JOB_ALERT",
      "status": "UNREAD",
      "_id": {
        "$oid": "62531b29178b73709e95dd1b"
      }
    },
    {
      "message": "Your Job is listed featured",
      "timestamp": "2022-04-10T08:47:23.660Z",
      "event": "JOB_FEATURED",
      "status": "READ",
      "_id": {
        "$oid": "6252999c3dedf50ef3975db5"
      }
    },
    {
      "message": "Your Job is Live",
      "timestamp": "2022-04-10T08:47:17.450Z",
      "event": "JOB_APPROVED",
      "status": "READ",
      "_id": {
        "$oid": "625299953dedf50ef3975c1e"
      }
    },
    {
      "message": "Your Job is listed featured",
      "timestamp": "2022-04-10T08:47:04.598Z",
      "event": "JOB_FEATURED",
      "status": "READ",
      "_id": {
        "$oid": "625299893dedf50ef3975a8c"
      }
    },
    {
      "message": "Your Job is listed featured",
      "timestamp": "2022-04-10T08:46:58.534Z",
      "event": "JOB_FEATURED",
      "status": "READ",
      "_id": {
        "$oid": "625299833dedf50ef39758f9"
      }
    },
    {
      "message": "Your Job is listed featured",
      "timestamp": "2022-04-10T08:46:50.615Z",
      "event": "JOB_FEATURED",
      "status": "UNREAD",
      "_id": {
        "$oid": "6252997b3dedf50ef3975769"
      }
    },
    {
      "message": "Your Job is listed featured",
      "timestamp": "2022-04-10T08:26:07.070Z",
      "event": "JOB_FEATURED",
      "status": "UNREAD",
      "_id": {
        "$oid": "6252949f3dedf50ef397524a"
      }
    },
    {
      "message": "Your Job is listed featured",
      "timestamp": "2022-04-10T08:24:45.060Z",
      "event": "JOB_FEATURED",
      "status": "UNREAD",
      "_id": {
        "$oid": "6252944d3dedf50ef3975045"
      }
    },
    {
      "message": "Your Job is listed featured",
      "timestamp": "2022-04-10T08:24:08.282Z",
      "event": "JOB_FEATURED",
      "status": "UNREAD",
      "_id": {
        "$oid": "625294283dedf50ef3974e86"
      }
    },
    {
      "message": "Your Job is Published",
      "timestamp": "2022-04-10T08:21:36.282Z",
      "event": "JOB_PUBLISHED",
      "status": "UNREAD",
      "_id": {
        "$oid": "625293903dedf50ef3974c30"
      }
    },
    {
      "message": "Your Job is Live",
      "timestamp": "2022-04-10T08:19:56.659Z",
      "event": "JOB_APPROVED",
      "status": "UNREAD",
      "_id": {
        "$oid": "6252932d3dedf50ef3974a51"
      }
    },
    {
      "message": "Your Job is Live",
      "timestamp": "2022-04-10T08:19:42.848Z",
      "event": "JOB_APPROVED",
      "status": "UNREAD",
      "_id": {
        "$oid": "6252931f3dedf50ef39748cf"
      }
    },
    {
      "message": "Your Job is Live",
      "timestamp": "2022-04-10T08:19:33.337Z",
      "event": "JOB_APPROVED",
      "status": "UNREAD",
      "_id": {
        "$oid": "625293153dedf50ef3974750"
      }
    },
    {
      "message": "Your Job is Live",
      "timestamp": "2022-04-10T08:19:23.726Z",
      "event": "JOB_APPROVED",
      "status": "UNREAD",
      "_id": {
        "$oid": "6252930c3dedf50ef39745cf"
      }
    },
    {
      "message": "Your Job is Published",
      "timestamp": "2022-04-10T08:19:03.419Z",
      "event": "JOB_PUBLISHED",
      "status": "UNREAD",
      "_id": {
        "$oid": "625292f73dedf50ef3974435"
      }
    },
    {
      "message": "Your Job is Published",
      "timestamp": "2022-04-10T08:17:03.142Z",
      "event": "JOB_PUBLISHED",
      "status": "UNREAD",
      "_id": {
        "$oid": "6252927f3dedf50ef397422f"
      }
    },
    {
      "message": "Your Job is Published",
      "timestamp": "2022-04-10T08:15:38.850Z",
      "event": "JOB_PUBLISHED",
      "status": "UNREAD",
      "_id": {
        "$oid": "6252922b3dedf50ef397407d"
      }
    },
    {
      "message": "Your Job is Published",
      "timestamp": "2022-04-10T08:13:20.475Z",
      "event": "JOB_PUBLISHED",
      "status": "UNREAD",
      "_id": {
        "$oid": "625291a13dedf50ef3973ed9"
      }
    },
    {
      "message": "Your Job is Live",
      "timestamp": "2022-04-10T08:11:42.293Z",
      "event": "JOB_APPROVED",
      "status": "UNREAD",
      "_id": {
        "$oid": "6252913e3dedf50ef3973cf6"
      }
    },
    {
      "message": "Your Job is Published",
      "timestamp": "2022-04-10T08:09:43.990Z",
      "event": "JOB_PUBLISHED",
      "status": "UNREAD",
      "_id": {
        "$oid": "625290c83dedf50ef3973b28"
      }
    },
    {
      "message": "Your Job is Published",
      "timestamp": "2022-04-10T07:58:11.616Z",
      "event": "JOB_PUBLISHED",
      "status": "UNREAD",
      "_id": {
        "$oid": "62528e1429a7c192e3d50585"
      }
    },
    {
      "message": "Your Job is in Draft",
      "timestamp": "2022-04-10T07:58:04.639Z",
      "event": "JOB_DRAFTED",
      "status": "UNREAD",
      "_id": {
        "$oid": "62528e0d29a7c192e3d50417"
      }
    },
    {
      "message": "Your Job is Live",
      "timestamp": "2022-04-10T07:49:58.280Z",
      "event": "JOB_APPROVED",
      "status": "UNREAD",
      "_id": {
        "$oid": "62528c2629a7c192e3d50200"
      }
    },
    {
      "message": "Your Job is Live",
      "timestamp": "2022-04-10T07:47:25.909Z",
      "event": "JOB_APPROVED",
      "status": "UNREAD",
      "_id": {
        "$oid": "62528b8e29a7c192e3d50019"
      }
    },
    {
      "message": "Your Job is Live",
      "timestamp": "2022-04-10T07:44:44.691Z",
      "event": "JOB_APPROVED",
      "status": "UNREAD",
      "_id": {
        "$oid": "62528aed29a7c192e3d4fe54"
      }
    },
    {
      "message": "Your Job is Live",
      "timestamp": "2022-04-10T07:42:17.141Z",
      "event": "JOB_APPROVED",
      "status": "UNREAD",
      "_id": {
        "$oid": "62528a5929a7c192e3d4fc62"
      }
    },
    {
      "message": "Your Job is Live",
      "timestamp": "2022-04-10T07:41:14.643Z",
      "event": "JOB_APPROVED",
      "status": "UNREAD",
      "_id": {
        "$oid": "62528a1b29a7c192e3d4facd"
      }
    },
    {
      "message": "Your Job is Live",
      "timestamp": "2022-04-10T06:19:08.516Z",
      "event": "JOB_APPROVED",
      "status": "UNREAD",
      "_id": {
        "$oid": "625276dd52f5accc3ec9e813"
      }
    },
    {
      "message": "Your Job is Live",
      "timestamp": "2022-04-10T06:18:58.500Z",
      "event": "JOB_APPROVED",
      "status": "UNREAD",
      "_id": {
        "$oid": "625276d352f5accc3ec9e6b3"
      }
    },
    {
      "message": "Your Job is Published",
      "timestamp": "2022-04-10T06:12:15.844Z",
      "event": "JOB_PUBLISHED",
      "status": "UNREAD",
      "_id": {
        "$oid": "6252754052f5accc3ec9e428"
      }
    },
    {
      "message": "Your Job is Published",
      "timestamp": "2022-04-10T06:10:56.901Z",
      "event": "JOB_PUBLISHED",
      "status": "UNREAD",
      "_id": {
        "$oid": "625274f152f5accc3ec9e29c"
      }
    },
    {
      "message": "Your Job is Live",
      "timestamp": "2022-04-10T06:08:59.370Z",
      "event": "JOB_APPROVED",
      "status": "UNREAD",
      "_id": {
        "$oid": "6252747b52f5accc3ec9e106"
      }
    },
    {
      "message": "Your Job is Published",
      "timestamp": "2022-04-10T06:08:46.518Z",
      "event": "JOB_PUBLISHED",
      "status": "UNREAD",
      "_id": {
        "$oid": "6252746f52f5accc3ec9dfa3"
      }
    },
    {
      "message": "Your Job is Live",
      "timestamp": "2022-04-10T06:01:50.054Z",
      "event": "JOB_APPROVED",
      "status": "UNREAD",
      "_id": {
        "$oid": "625272ce10ecea485db28861"
      }
    },
    {
      "message": "Your Job is Published",
      "timestamp": "2022-04-10T06:01:20.543Z",
      "event": "JOB_PUBLISHED",
      "status": "UNREAD",
      "_id": {
        "$oid": "625272b110ecea485db2870c"
      }
    },
    {
      "message": "Job Alert",
      "timestamp": "2022-04-10T00:00:06.399Z",
      "event": "JOB_ALERT",
      "status": "UNREAD",
      "_id": {
        "$oid": "62521e06312fc9926c351cdf"
      }
    },
    {
      "message": "Your Resume is Deleted",
      "timestamp": "2022-04-09T10:02:25.330Z",
      "event": "RESUME_DELETED",
      "status": "UNREAD",
      "_id": {
        "$oid": "625159b1312fc9926c3515b4"
      }
    },
    {
      "message": "Your Resume is Deleted",
      "timestamp": "2022-04-09T10:02:19.985Z",
      "event": "RESUME_DELETED",
      "status": "UNREAD",
      "_id": {
        "$oid": "625159ac312fc9926c351467"
      }
    },
    {
      "message": "Your Job is Live",
      "timestamp": "2022-04-09T09:39:57.333Z",
      "event": "JOB_APPROVED",
      "status": "UNREAD",
      "_id": {
        "$oid": "6251546d312fc9926c350f8a"
      }
    },
    {
      "message": "Your Job is Published",
      "timestamp": "2022-04-09T09:39:48.017Z",
      "event": "JOB_PUBLISHED",
      "status": "UNREAD",
      "_id": {
        "$oid": "62515464312fc9926c350e3f"
      }
    },
    {
      "message": "Your Job is Live",
      "timestamp": "2022-04-09T09:30:09.488Z",
      "event": "JOB_APPROVED",
      "status": "UNREAD",
      "_id": {
        "$oid": "62515222312fc9926c350bb6"
      }
    },
    {
      "message": "Your Job is Published",
      "timestamp": "2022-04-09T09:25:56.812Z",
      "event": "JOB_PUBLISHED",
      "status": "UNREAD",
      "_id": {
        "$oid": "62515125312fc9926c3509ef"
      }
    },
    {
      "message": "Job Alert",
      "timestamp": "2022-04-09T00:00:03.923Z",
      "event": "JOB_ALERT",
      "status": "UNREAD",
      "_id": {
        "$oid": "6250cc84312fc9926c350431"
      }
    },
    {
      "message": "Job Alert",
      "timestamp": "2022-04-08T00:00:08.350Z",
      "event": "JOB_ALERT",
      "status": "UNREAD",
      "_id": {
        "$oid": "624f7b08312fc9926c35015c"
      }
    },
    {
      "message": "Your Job is listed featured",
      "timestamp": "2022-04-07T05:24:52.948Z",
      "event": "JOB_FEATURED",
      "status": "UNREAD",
      "_id": {
        "$oid": "624e75a5095b8dc851d33df8"
      }
    },
    {
      "message": "Your Job is Live",
      "timestamp": "2022-04-07T05:24:44.928Z",
      "event": "JOB_APPROVED",
      "status": "UNREAD",
      "_id": {
        "$oid": "624e759d095b8dc851d33c9c"
      }
    },
    {
      "message": "Your Job is Published",
      "timestamp": "2022-04-07T05:24:16.826Z",
      "event": "JOB_PUBLISHED",
      "status": "UNREAD",
      "_id": {
        "$oid": "624e7581095b8dc851d33b5d"
      }
    },
    {
      "message": "Your Job is Published",
      "timestamp": "2022-04-07T04:57:26.803Z",
      "event": "JOB_PUBLISHED",
      "status": "UNREAD",
      "_id": {
        "$oid": "624e6f37095b8dc851d338d1"
      }
    },
    {
      "message": "Job Alert",
      "timestamp": "2022-04-07T00:00:06.100Z",
      "event": "JOB_ALERT",
      "status": "UNREAD",
      "_id": {
        "$oid": "624e2986095b8dc851d33707"
      }
    },
    {
      "message": "Your Job is Non-Featured",
      "timestamp": "2022-04-06T05:05:57.196Z",
      "event": "JOB_NON-FEATURED",
      "status": "UNREAD",
      "_id": {
        "$oid": "624d1fb5471afaba20bc2518"
      }
    },
    {
      "message": "Your Job is listed featured",
      "timestamp": "2022-04-06T05:05:50.910Z",
      "event": "JOB_FEATURED",
      "status": "UNREAD",
      "_id": {
        "$oid": "624d1faf471afaba20bc23e5"
      }
    },
    {
      "message": "Job Alert",
      "timestamp": "2022-04-06T00:00:03.828Z",
      "event": "JOB_ALERT",
      "status": "UNREAD",
      "_id": {
        "$oid": "624cd804471afaba20bc1d93"
      }
    },
    {
      "message": "Your Job is Published",
      "timestamp": "2022-04-05T10:24:03.647Z",
      "event": "JOB_PUBLISHED",
      "status": "UNREAD",
      "_id": {
        "$oid": "624c18c4471afaba20bc166a"
      }
    },
    {
      "message": "Job Alert",
      "timestamp": "2022-04-05T00:00:06.443Z",
      "event": "JOB_ALERT",
      "status": "UNREAD",
      "_id": {
        "$oid": "624b86879da26ad1ef5384e2"
      }
    },
    {
      "message": "Job Alert",
      "timestamp": "2022-04-04T00:00:05.941Z",
      "event": "JOB_ALERT",
      "status": "READ",
      "_id": {
        "$oid": "624a350622953e7a080fcbac"
      }
    },
    {
      "message": "Job Alert",
      "timestamp": "2022-04-03T00:00:07.938Z",
      "event": "JOB_ALERT",
      "status": "READ",
      "_id": {
        "$oid": "6248e388bf3a28adaae42f48"
      }
    },
    {
      "message": "Your Job is listed featured",
      "timestamp": "2022-04-02T18:14:49.740Z",
      "event": "JOB_FEATURED",
      "status": "READ",
      "_id": {
        "$oid": "6248929abf3a28adaae42cca"
      }
    },
    {
      "message": "Job Alert",
      "timestamp": "2022-04-02T00:00:05.561Z",
      "event": "JOB_ALERT",
      "status": "READ",
      "_id": {
        "$oid": "624792064f57b3682d000f03"
      }
    },
    {
      "message": "Job Alert",
      "timestamp": "2022-04-01T00:00:05.186Z",
      "event": "JOB_ALERT",
      "status": "READ",
      "_id": {
        "$oid": "624640854f57b3682d000c70"
      }
    },
    {
      "message": "Your Job is Non-Featured",
      "timestamp": "2022-03-31T05:25:00.877Z",
      "event": "JOB_NON-FEATURED",
      "status": "READ",
      "_id": {
        "$oid": "62453b2dadd9a7870dffb334"
      }
    },
    {
      "message": "Job Alert",
      "timestamp": "2022-03-31T00:00:07.869Z",
      "event": "JOB_ALERT",
      "status": "READ",
      "_id": {
        "$oid": "6244ef08add9a7870dffad91"
      }
    },
    {
      "message": "Your Job is listed featured",
      "timestamp": "2022-03-30T19:41:48.178Z",
      "event": "JOB_FEATURED",
      "status": "READ",
      "_id": {
        "$oid": "6244b27c3265d26bb605c1d3"
      }
    },
    {
      "message": "Your Job is Live",
      "timestamp": "2022-03-30T19:41:31.393Z",
      "event": "JOB_APPROVED",
      "status": "UNREAD",
      "_id": {
        "$oid": "6244b26b3265d26bb605c097"
      }
    },
    {
      "message": "Your Job is Published",
      "timestamp": "2022-03-30T19:41:20.686Z",
      "event": "JOB_PUBLISHED",
      "status": "UNREAD",
      "_id": {
        "$oid": "6244b2613265d26bb605bf7b"
      }
    },
    {
      "message": "Your Job is Deleted",
      "timestamp": "2022-03-30T19:39:20.895Z",
      "event": "JOB_DELETED",
      "status": "UNREAD",
      "_id": {
        "$oid": "6244b1e93265d26bb605be3b"
      }
    },
    {
      "message": "Your Job is Deleted",
      "timestamp": "2022-03-30T19:39:12.560Z",
      "event": "JOB_DELETED",
      "status": "UNREAD",
      "_id": {
        "$oid": "6244b1e13265d26bb605bd25"
      }
    },
    {
      "message": "Your Job is Deleted",
      "timestamp": "2022-03-30T19:39:07.894Z",
      "event": "JOB_DELETED",
      "status": "UNREAD",
      "_id": {
        "$oid": "6244b1dc3265d26bb605bc13"
      }
    },
    {
      "message": "Your Job is Deleted",
      "timestamp": "2022-03-30T19:39:03.257Z",
      "event": "JOB_DELETED",
      "status": "UNREAD",
      "_id": {
        "$oid": "6244b1d73265d26bb605bb02"
      }
    },
    {
      "message": "Your Job is Deleted",
      "timestamp": "2022-03-30T19:38:56.465Z",
      "event": "JOB_DELETED",
      "status": "UNREAD",
      "_id": {
        "$oid": "6244b1d13265d26bb605b9f3"
      }
    },
    {
      "message": "Your Job is Deleted",
      "timestamp": "2022-03-30T19:38:50.761Z",
      "event": "JOB_DELETED",
      "status": "UNREAD",
      "_id": {
        "$oid": "6244b1cb3265d26bb605b8e6"
      }
    },
    {
      "message": "Your Job is Deleted",
      "timestamp": "2022-03-30T19:38:45.890Z",
      "event": "JOB_DELETED",
      "status": "UNREAD",
      "_id": {
        "$oid": "6244b1c63265d26bb605b7db"
      }
    },
    {
      "message": "Your Job is Deleted",
      "timestamp": "2022-03-30T19:38:29.535Z",
      "event": "JOB_DELETED",
      "status": "UNREAD",
      "_id": {
        "$oid": "6244b1b63265d26bb605b6d1"
      }
    },
    {
      "message": "Your Job is Deleted",
      "timestamp": "2022-03-30T19:38:22.780Z",
      "event": "JOB_DELETED",
      "status": "UNREAD",
      "_id": {
        "$oid": "6244b1af3265d26bb605b5cb"
      }
    },
    {
      "message": "Your Job is Deleted",
      "timestamp": "2022-03-30T19:38:18.636Z",
      "event": "JOB_DELETED",
      "status": "UNREAD",
      "_id": {
        "$oid": "6244b1ab3265d26bb605b4c6"
      }
    },
    {
      "message": "Your Job is Deleted",
      "timestamp": "2022-03-30T19:38:14.895Z",
      "event": "JOB_DELETED",
      "status": "UNREAD",
      "_id": {
        "$oid": "6244b1a73265d26bb605b3c3"
      }
    },
    {
      "message": "Your Job is Live",
      "timestamp": "2022-03-30T19:38:01.279Z",
      "event": "JOB_APPROVED",
      "status": "UNREAD",
      "_id": {
        "$oid": "6244b1993265d26bb605b2a6"
      }
    },
    {
      "message": "Your Job is Deleted",
      "timestamp": "2022-03-30T19:37:52.474Z",
      "event": "JOB_DELETED",
      "status": "UNREAD",
      "_id": {
        "$oid": "6244b1913265d26bb605b1a7"
      }
    },
    {
      "message": "Your Job is Deleted",
      "timestamp": "2022-03-30T19:37:47.837Z",
      "event": "JOB_DELETED",
      "status": "UNREAD",
      "_id": {
        "$oid": "6244b18c3265d26bb605b0aa"
      }
    },
    {
      "message": "Your Job is Deleted",
      "timestamp": "2022-03-30T19:37:26.621Z",
      "event": "JOB_DELETED",
      "status": "UNREAD",
      "_id": {
        "$oid": "6244b1773265d26bb605af9b"
      }
    },
    {
      "message": "Your Job is Deleted",
      "timestamp": "2022-03-30T19:37:23.996Z",
      "event": "JOB_DELETED",
      "status": "UNREAD",
      "_id": {
        "$oid": "6244b1743265d26bb605ae96"
      }
    },
    {
      "message": "Your Job is Published",
      "timestamp": "2022-03-30T10:46:43.648Z",
      "event": "JOB_PUBLISHED",
      "status": "READ",
      "_id": {
        "$oid": "624435147c4017aedee62e4b"
      }
    },
    {
      "message": "Your Job is in Draft",
      "timestamp": "2022-03-30T10:46:29.437Z",
      "event": "JOB_DRAFTED",
      "status": "READ",
      "_id": {
        "$oid": "624435057c4017aedee62d55"
      }
    },
    {
      "message": "Your Job is Deleted",
      "timestamp": "2022-03-30T06:39:48.621Z",
      "event": "JOB_DELETED",
      "status": "READ",
      "_id": {
        "$oid": "6243fb359dacaa13b7d6656d"
      }
    },
    {
      "message": "Your Job is Deleted",
      "timestamp": "2022-03-29T19:08:35.594Z",
      "event": "JOB_DELETED",
      "status": "READ",
      "_id": {
        "$oid": "62435936c44015cea5f2cb41"
      }
    },
    {
      "message": "Your Job is Live",
      "timestamp": "2022-03-29T19:07:11.934Z",
      "event": "JOB_APPROVED",
      "status": "READ",
      "_id": {
        "$oid": "624358e1c44015cea5f2ca3b"
      }
    },
    {
      "message": "Your Job is Live",
      "timestamp": "2022-03-29T18:26:42.633Z",
      "event": "JOB_APPROVED",
      "status": "READ",
      "_id": {
        "$oid": "62434f63d4ecbc62f01cbd88"
      }
    },
    {
      "message": "Your Job is Published",
      "timestamp": "2022-03-29T18:26:14.135Z",
      "event": "JOB_PUBLISHED",
      "status": "READ",
      "_id": {
        "$oid": "62434f46d4ecbc62f01cbc9b"
      }
    },
    {
      "message": "Your Job is listed featured",
      "timestamp": "2022-03-29T17:14:03.912Z",
      "event": "JOB_FEATURED",
      "status": "READ",
      "_id": {
        "$oid": "62433e5c3503231bf012f77a"
      }
    },
    {
      "message": "Your Job is Published",
      "timestamp": "2022-03-29T14:09:56.822Z",
      "event": "JOB_PUBLISHED",
      "status": "READ",
      "_id": {
        "$oid": "624313359108a4f86e79e706"
      }
    },
    {
      "message": "Your Job is Published",
      "timestamp": "2022-03-29T14:03:16.948Z",
      "event": "JOB_PUBLISHED",
      "status": "READ",
      "_id": {
        "$oid": "624311a5e19823b8ceeaa106"
      }
    },
    {
      "message": "Your Job is Published",
      "timestamp": "2022-03-29T13:55:05.276Z",
      "event": "JOB_PUBLISHED",
      "status": "UNREAD",
      "_id": {
        "$oid": "62430fb95c1f636b59183b09"
      }
    },
    {
      "message": "Your Job is Live",
      "timestamp": "2022-03-29T13:13:09.808Z",
      "event": "JOB_APPROVED",
      "status": "UNREAD",
      "_id": {
        "$oid": "624305e6d4ecbc62f01cb60f"
      }
    },
    {
      "message": "Your Job is Published",
      "timestamp": "2022-03-29T13:12:44.811Z",
      "event": "JOB_PUBLISHED",
      "status": "UNREAD",
      "_id": {
        "$oid": "624305cdd4ecbc62f01cb52e"
      }
    },
    {
      "message": "Your Job is Published",
      "timestamp": "2022-03-29T12:55:28.214Z",
      "event": "JOB_PUBLISHED",
      "status": "UNREAD",
      "_id": {
        "$oid": "624301c0d4ecbc62f01cb342"
      }
    },
    {
      "message": "Your Job is in Draft",
      "timestamp": "2022-03-29T12:55:13.280Z",
      "event": "JOB_DRAFTED",
      "status": "UNREAD",
      "_id": {
        "$oid": "624301b1d4ecbc62f01cb266"
      }
    },
    {
      "message": "Your Job is Live",
      "timestamp": "2022-03-29T12:54:30.512Z",
      "event": "JOB_APPROVED",
      "status": "UNREAD",
      "_id": {
        "$oid": "62430187d4ecbc62f01cb155"
      }
    },
    {
      "message": "Your Job is Rejected",
      "timestamp": "2022-03-29T12:54:20.789Z",
      "event": "JOB_REJECTED",
      "status": "UNREAD",
      "_id": {
        "$oid": "6243017dd4ecbc62f01cb07d"
      }
    },
    {
      "message": "Request to reset password",
      "timestamp": "2022-03-29T11:29:29.616Z",
      "event": "RESET_PASSWORD",
      "status": "UNREAD",
      "_id": {
        "$oid": "6242ed991c20f8bca0b5409b"
      }
    },
    {
      "message": "Request to reset password",
      "timestamp": "2022-03-29T11:28:36.971Z",
      "event": "FORGET_PASSWORD",
      "status": "UNREAD",
      "_id": {
        "$oid": "6242ed651c20f8bca0b53fc8"
      }
    },
    {
      "message": "Your Job is Published",
      "timestamp": "2022-03-29T09:10:14.530Z",
      "event": "JOB_PUBLISHED",
      "status": "UNREAD",
      "_id": {
        "$oid": "6242ccf6006c6e207dd69dcb"
      }
    },
    {
      "message": "Your Job is Published",
      "timestamp": "2022-03-29T09:07:11.724Z",
      "event": "JOB_PUBLISHED",
      "status": "UNREAD",
      "_id": {
        "$oid": "6242cc3f6c82e8893e73673b"
      }
    },
    {
      "message": "Your Job is Published",
      "timestamp": "2022-03-29T09:02:02.051Z",
      "event": "JOB_PUBLISHED",
      "status": "UNREAD",
      "_id": {
        "$oid": "6242cb0a80c1d1897d702090"
      }
    },
    {
      "message": "Your Job is Published",
      "timestamp": "2022-03-29T08:56:11.268Z",
      "event": "JOB_PUBLISHED",
      "status": "UNREAD",
      "_id": {
        "$oid": "6242c9ab32e97122cbe63cb3"
      }
    },
    {
      "message": "Your Job is Published",
      "timestamp": "2022-03-29T08:53:47.625Z",
      "event": "JOB_PUBLISHED",
      "status": "UNREAD",
      "_id": {
        "$oid": "6242c91b978a54229d4dbb88"
      }
    },
    {
      "message": "Your Job is Published",
      "timestamp": "2022-03-29T08:49:27.493Z",
      "event": "JOB_PUBLISHED",
      "status": "UNREAD",
      "_id": {
        "$oid": "6242c8170cccd11a5c20f126"
      }
    },
    {
      "message": "Your Job is Published",
      "timestamp": "2022-03-29T08:45:08.906Z",
      "event": "JOB_PUBLISHED",
      "status": "UNREAD",
      "_id": {
        "$oid": "6242c71520a5c58cc459cc60"
      }
    },
    {
      "message": "Your Job is Published",
      "timestamp": "2022-03-29T08:42:27.706Z",
      "event": "JOB_PUBLISHED",
      "status": "UNREAD",
      "_id": {
        "$oid": "6242c6730509a9a7dfc33196"
      }
    },
    {
      "message": "Your Job is Published",
      "timestamp": "2022-03-29T08:40:33.300Z",
      "event": "JOB_PUBLISHED",
      "status": "UNREAD",
      "_id": {
        "$oid": "6242c601d7a75c21e0fa32a6"
      }
    },
    {
      "message": "Your Job is Published",
      "timestamp": "2022-03-29T08:31:19.029Z",
      "event": "JOB_PUBLISHED",
      "status": "UNREAD",
      "_id": {
        "$oid": "6242c3d7658266367cd55cb2"
      }
    },
    {
      "message": "Your Job is Published",
      "timestamp": "2022-03-29T08:23:24.833Z",
      "event": "JOB_PUBLISHED",
      "status": "UNREAD",
      "_id": {
        "$oid": "6242c1fca6c1dd761458c7cf"
      }
    },
    {
      "message": "Your Job is Published",
      "timestamp": "2022-03-29T08:22:42.806Z",
      "event": "JOB_PUBLISHED",
      "status": "UNREAD",
      "_id": {
        "$oid": "6242c1d30592b1faf1eeb492"
      }
    },
    {
      "message": "Your Job is Published",
      "timestamp": "2022-03-29T08:21:07.151Z",
      "event": "JOB_PUBLISHED",
      "status": "UNREAD",
      "_id": {
        "$oid": "6242c1730592b1faf1eeb3da"
      }
    },
    {
      "message": "Your Job is Published",
      "timestamp": "2022-03-29T08:17:38.250Z",
      "event": "JOB_PUBLISHED",
      "status": "UNREAD",
      "_id": {
        "$oid": "6242c0a20592b1faf1eeb2de"
      }
    },
    {
      "message": "Your Job is Published",
      "timestamp": "2022-03-29T08:15:57.632Z",
      "event": "JOB_PUBLISHED",
      "status": "UNREAD",
      "_id": {
        "$oid": "6242c03d0592b1faf1eeb20c"
      }
    },
    {
      "message": "Your Job is Live",
      "timestamp": "2022-03-28T15:26:19.352Z",
      "event": "JOB_APPROVED",
      "status": "READ",
      "_id": {
        "$oid": "6241d39ba5253dd4395f1476"
      }
    },
    {
      "message": "Your Job is Rejected",
      "timestamp": "2022-03-28T15:25:40.037Z",
      "event": "JOB_REJECTED",
      "status": "UNREAD",
      "_id": {
        "$oid": "6241d374a5253dd4395f1291"
      }
    },
    {
      "message": "Your Job is Live",
      "timestamp": "2022-03-28T15:05:57.792Z",
      "event": "JOB_APPROVED",
      "status": "READ",
      "_id": {
        "$oid": "6241ced61c716986a1314021"
      }
    },
    {
      "message": "Your Job is Published",
      "timestamp": "2022-03-28T15:05:46.246Z",
      "event": "JOB_PUBLISHED",
      "status": "READ",
      "_id": {
        "$oid": "6241ceca1c716986a1313f73"
      }
    },
    {
      "message": "Confirmation Email",
      "timestamp": "2022-03-28T05:30:09.691Z",
      "event": "CONFIRMATION_EMAIL",
      "status": "UNREAD",
      "_id": {
        "$oid": "624147e1cde71b067d7c137e"
      }
    },
    {
      "message": "Your Resume is Live",
      "timestamp": "2022-03-27T12:11:39.660Z",
      "event": "RESUME_PUBLISHED",
      "status": "UNREAD",
      "_id": {
        "$oid": "6240547b0ae683332592b91a"
      }
    },
    {
      "message": "Your Job is Non-Featured",
      "timestamp": "2022-03-26T12:06:48.607Z",
      "event": "JOB_NON-FEATURED",
      "status": "READ",
      "_id": {
        "$oid": "623f01d863186ede33be1637"
      }
    },
    {
      "message": "Your Job is in Draft",
      "timestamp": "2022-03-26T12:05:01.354Z",
      "event": "JOB_DRAFTED",
      "status": "READ",
      "_id": {
        "$oid": "623f016d63186ede33be14cf"
      }
    },
    {
      "message": "Your Job is Published",
      "timestamp": "2022-03-26T12:04:02.330Z",
      "event": "JOB_PUBLISHED",
      "status": "READ",
      "_id": {
        "$oid": "623f013263186ede33be139c"
      }
    },
    {
      "message": "Your Job is in Draft",
      "timestamp": "2022-03-26T07:58:15.609Z",
      "event": "JOB_DRAFTED",
      "status": "READ",
      "_id": {
        "$oid": "623ec7973b42e302513f0fbb"
      }
    },
    {
      "message": "Your Job is listed featured",
      "timestamp": "2022-03-26T07:57:58.662Z",
      "event": "JOB_FEATURED",
      "status": "READ",
      "_id": {
        "$oid": "623ec7863b42e302513f0f0d"
      }
    },
    {
      "message": "Your Job is Non-Featured",
      "timestamp": "2022-03-26T05:54:28.583Z",
      "event": "JOB_NON-FEATURED",
      "status": "READ",
      "_id": {
        "$oid": "623eaa943b42e302513f0883"
      }
    },
    {
      "message": "Your Job is listed featured",
      "timestamp": "2022-03-26T05:54:20.439Z",
      "event": "JOB_FEATURED",
      "status": "READ",
      "_id": {
        "$oid": "623eaa8c3b42e302513f07e7"
      }
    },
    {
      "message": "Your Job is Deleted",
      "timestamp": "2022-03-24T12:37:12.428Z",
      "event": "JOB_DELETED",
      "status": "READ",
      "_id": {
        "$oid": "623c65f8e42aeb25798352b1"
      }
    },
    {
      "message": "Your Job is Non-Featured",
      "timestamp": "2022-03-24T12:11:47.818Z",
      "event": "JOB_NON-FEATURED",
      "status": "READ",
      "_id": {
        "$oid": "623c6004e42aeb2579834f4f"
      }
    },
    {
      "message": "Your Resume is Deleted",
      "timestamp": "2022-03-24T11:56:14.517Z",
      "event": "RESUME_DELETED",
      "status": "READ",
      "_id": {
        "$oid": "623c5c5e26f8c115941412e9"
      }
    },
    {
      "message": "Your Resume is Deleted",
      "timestamp": "2022-03-24T11:56:10.911Z",
      "event": "RESUME_DELETED",
      "status": "READ",
      "_id": {
        "$oid": "623c5c5b26f8c11594141248"
      }
    },
    {
      "message": "Your Resume is Deleted",
      "timestamp": "2022-03-24T11:56:04.455Z",
      "event": "RESUME_DELETED",
      "status": "UNREAD",
      "_id": {
        "$oid": "623c5c5426f8c115941411a9"
      }
    },
    {
      "message": "Your Resume is Deleted",
      "timestamp": "2022-03-24T11:56:00.699Z",
      "event": "RESUME_DELETED",
      "status": "UNREAD",
      "_id": {
        "$oid": "623c5c5026f8c11594141113"
      }
    },
    {
      "message": "Your Resume is Deleted",
      "timestamp": "2022-03-24T11:55:55.593Z",
      "event": "RESUME_DELETED",
      "status": "UNREAD",
      "_id": {
        "$oid": "623c5c4b26f8c11594141080"
      }
    },
    {
      "message": "Your Resume is Deleted",
      "timestamp": "2022-03-24T11:55:50.688Z",
      "event": "RESUME_DELETED",
      "status": "UNREAD",
      "_id": {
        "$oid": "623c5c4626f8c11594140ff5"
      }
    },
    {
      "message": "Your Resume is Deleted",
      "timestamp": "2022-03-24T11:55:28.108Z",
      "event": "RESUME_DELETED",
      "status": "UNREAD",
      "_id": {
        "$oid": "623c5c3026f8c11594140f5e"
      }
    },
    {
      "message": "Your Resume is Deleted",
      "timestamp": "2022-03-24T11:55:20.638Z",
      "event": "RESUME_DELETED",
      "status": "UNREAD",
      "_id": {
        "$oid": "623c5c2826f8c11594140ed1"
      }
    },
    {
      "message": "Your Resume is Deleted",
      "timestamp": "2022-03-24T11:55:17.626Z",
      "event": "RESUME_DELETED",
      "status": "UNREAD",
      "_id": {
        "$oid": "623c5c2526f8c11594140e3a"
      }
    },
    {
      "message": "Your Resume is Deleted",
      "timestamp": "2022-03-24T11:55:14.394Z",
      "event": "RESUME_DELETED",
      "status": "UNREAD",
      "_id": {
        "$oid": "623c5c2226f8c11594140da6"
      }
    },
    {
      "message": "Your Resume is Deleted",
      "timestamp": "2022-03-24T11:55:11.067Z",
      "event": "RESUME_DELETED",
      "status": "UNREAD",
      "_id": {
        "$oid": "623c5c1f26f8c11594140d17"
      }
    },
    {
      "message": "Your Resume is Deleted",
      "timestamp": "2022-03-24T11:55:06.346Z",
      "event": "RESUME_DELETED",
      "status": "UNREAD",
      "_id": {
        "$oid": "623c5c1a26f8c11594140c8a"
      }
    },
    {
      "message": "Your Resume is Deleted",
      "timestamp": "2022-03-24T11:55:02.448Z",
      "event": "RESUME_DELETED",
      "status": "UNREAD",
      "_id": {
        "$oid": "623c5c1626f8c11594140bff"
      }
    },
    {
      "message": "Your Resume is Deleted",
      "timestamp": "2022-03-24T11:54:57.723Z",
      "event": "RESUME_DELETED",
      "status": "UNREAD",
      "_id": {
        "$oid": "623c5c1126f8c11594140b76"
      }
    },
    {
      "message": "Your Resume is Deleted",
      "timestamp": "2022-03-24T11:54:54.774Z",
      "event": "RESUME_DELETED",
      "status": "UNREAD",
      "_id": {
        "$oid": "623c5c0f26f8c11594140aef"
      }
    },
    {
      "message": "Your Resume is Deleted",
      "timestamp": "2022-03-24T11:54:51.604Z",
      "event": "RESUME_DELETED",
      "status": "UNREAD",
      "_id": {
        "$oid": "623c5c0b26f8c11594140a69"
      }
    },
    {
      "message": "Your Resume is Deleted",
      "timestamp": "2022-03-24T11:54:48.639Z",
      "event": "RESUME_DELETED",
      "status": "UNREAD",
      "_id": {
        "$oid": "623c5c0826f8c115941409e0"
      }
    },
    {
      "message": "Your Resume is Deleted",
      "timestamp": "2022-03-24T11:54:44.387Z",
      "event": "RESUME_DELETED",
      "status": "READ",
      "_id": {
        "$oid": "623c5c0426f8c1159414095f"
      }
    },
    {
      "message": "Your Resume is Deleted",
      "timestamp": "2022-03-24T11:54:40.191Z",
      "event": "RESUME_DELETED",
      "status": "UNREAD",
      "_id": {
        "$oid": "623c5c0026f8c115941408e0"
      }
    },
    {
      "message": "Your Resume is Deleted",
      "timestamp": "2022-03-24T11:54:37.228Z",
      "event": "RESUME_DELETED",
      "status": "UNREAD",
      "_id": {
        "$oid": "623c5bfd26f8c11594140863"
      }
    },
    {
      "message": "Your Resume is Deleted",
      "timestamp": "2022-03-24T11:54:32.850Z",
      "event": "RESUME_DELETED",
      "status": "UNREAD",
      "_id": {
        "$oid": "623c5bf926f8c115941407e8"
      }
    },
    {
      "message": "Your Job is Non-Featured",
      "timestamp": "2022-03-24T11:53:41.490Z",
      "event": "JOB_NON-FEATURED",
      "status": "UNREAD",
      "_id": {
        "$oid": "623c5bc526f8c1159414076b"
      }
    },
    {
      "message": "Your Job is listed featured",
      "timestamp": "2022-03-24T11:53:35.968Z",
      "event": "JOB_FEATURED",
      "status": "UNREAD",
      "_id": {
        "$oid": "623c5bc026f8c11594140701"
      }
    },
    {
      "message": "Your Job is Published",
      "timestamp": "2022-03-24T11:53:16.775Z",
      "event": "JOB_PUBLISHED",
      "status": "UNREAD",
      "_id": {
        "$oid": "623c5bad26f8c11594140699"
      }
    },
    {
      "message": "Your Job is in Draft",
      "timestamp": "2022-03-24T11:53:06.575Z",
      "event": "JOB_DRAFTED",
      "status": "UNREAD",
      "_id": {
        "$oid": "623c5ba226f8c11594140633"
      }
    },
    {
      "message": "Your Job is Live",
      "timestamp": "2022-03-23T19:16:20.732Z",
      "event": "JOB_APPROVED",
      "status": "UNREAD",
      "_id": {
        "$oid": "623b720591bd02a0dc17d6ef"
      }
    },
    {
      "message": "Your Job is Live",
      "timestamp": "2022-03-23T19:16:12.989Z",
      "event": "JOB_APPROVED",
      "status": "UNREAD",
      "_id": {
        "$oid": "623b71fd91bd02a0dc17d68d"
      }
    },
    {
      "message": "Your Job is Live",
      "timestamp": "2022-03-23T19:06:16.367Z",
      "event": "JOB_APPROVED",
      "status": "UNREAD",
      "_id": {
        "$oid": "623b6fa891bd02a0dc17d600"
      }
    },
    {
      "message": "Your Job is listed featured",
      "timestamp": "2022-03-22T06:10:25.028Z",
      "event": "JOB_FEATURED",
      "status": "UNREAD",
      "_id": {
        "$oid": "62396851d59e675e347a7a64"
      }
    },
    {
      "message": "Your Job is Rejected",
      "timestamp": "2022-03-22T06:10:16.057Z",
      "event": "JOB_REJECTED",
      "status": "UNREAD",
      "_id": {
        "$oid": "62396848d59e675e347a7a08"
      }
    },
    {
      "message": "Your Job is Live",
      "timestamp": "2022-03-21T18:23:25.705Z",
      "event": "JOB_APPROVED",
      "status": "UNREAD",
      "_id": {
        "$oid": "6238c29d415be1e1f329b12e"
      }
    },
    {
      "message": "Your Job is Deleted",
      "timestamp": "2022-03-21T14:25:23.485Z",
      "event": "JOB_DELETED",
      "status": "UNREAD",
      "_id": {
        "$oid": "62388ad3c0d5bc475cedc26f"
      }
    },
    {
      "message": "Your Job is Deleted",
      "timestamp": "2022-03-21T14:25:17.031Z",
      "event": "JOB_DELETED",
      "status": "UNREAD",
      "_id": {
        "$oid": "62388acdc0d5bc475cedc21a"
      }
    },
    {
      "message": "Your Job is listed featured",
      "timestamp": "2022-03-21T13:46:16.464Z",
      "event": "JOB_FEATURED",
      "status": "UNREAD",
      "_id": {
        "$oid": "623881a8c0d5bc475cedc00b"
      }
    },
    {
      "message": "Your Job is Deleted",
      "timestamp": "2022-03-21T13:29:22.622Z",
      "event": "JOB_DELETED",
      "status": "UNREAD",
      "_id": {
        "$oid": "62387db2c0d5bc475cedbecc"
      }
    },
    {
      "message": "Your Job is Deleted",
      "timestamp": "2022-03-21T13:29:15.858Z",
      "event": "JOB_DELETED",
      "status": "UNREAD",
      "_id": {
        "$oid": "62387dacc0d5bc475cedbe7d"
      }
    },
    {
      "message": "Your Job is Deleted",
      "timestamp": "2022-03-21T13:29:10.818Z",
      "event": "JOB_DELETED",
      "status": "UNREAD",
      "_id": {
        "$oid": "62387da7c0d5bc475cedbe2f"
      }
    },
    {
      "message": "Your Job is Deleted",
      "timestamp": "2022-03-21T13:29:06.566Z",
      "event": "JOB_DELETED",
      "status": "UNREAD",
      "_id": {
        "$oid": "62387da2c0d5bc475cedbde4"
      }
    },
    {
      "message": "Your Job is Deleted",
      "timestamp": "2022-03-21T13:29:01.731Z",
      "event": "JOB_DELETED",
      "status": "UNREAD",
      "_id": {
        "$oid": "62387d9ec0d5bc475cedbd9a"
      }
    },
    {
      "message": "Your Job is Deleted",
      "timestamp": "2022-03-21T13:28:57.523Z",
      "event": "JOB_DELETED",
      "status": "UNREAD",
      "_id": {
        "$oid": "62387d99c0d5bc475cedbd50"
      }
    },
    {
      "message": "Your Job is Deleted",
      "timestamp": "2022-03-21T13:28:51.816Z",
      "event": "JOB_DELETED",
      "status": "UNREAD",
      "_id": {
        "$oid": "62387d94c0d5bc475cedbd0b"
      }
    },
    {
      "message": "Your Job is Deleted",
      "timestamp": "2022-03-21T13:28:47.411Z",
      "event": "JOB_DELETED",
      "status": "UNREAD",
      "_id": {
        "$oid": "62387d8fc0d5bc475cedbcc8"
      }
    },
    {
      "message": "Your Job is Deleted",
      "timestamp": "2022-03-21T13:28:41.382Z",
      "event": "JOB_DELETED",
      "status": "UNREAD",
      "_id": {
        "$oid": "62387d89c0d5bc475cedbc87"
      }
    },
    {
      "message": "Your Job is Deleted",
      "timestamp": "2022-03-21T13:28:36.873Z",
      "event": "JOB_DELETED",
      "status": "UNREAD",
      "_id": {
        "$oid": "62387d85c0d5bc475cedbc48"
      }
    },
    {
      "message": "Company is published",
      "timestamp": "2022-03-21T08:26:22.340Z",
      "event": "COMPANY_PUBLISHED",
      "status": "UNREAD",
      "_id": {
        "$oid": "623836ae7a67bd6e247e00a7"
      }
    },
    {
      "message": "Company is published",
      "timestamp": "2022-03-21T08:22:55.957Z",
      "event": "COMPANY_PUBLISHED",
      "status": "UNREAD",
      "_id": {
        "$oid": "623835e07a67bd6e247e005c"
      }
    },
    {
      "message": "Your Job is Live",
      "timestamp": "2022-03-21T08:15:19.065Z",
      "event": "JOB_PUBLISHED",
      "status": "UNREAD",
      "_id": {
        "$oid": "623834173c146aabd76e17d5"
      }
    },
    {
      "message": "Company is published",
      "timestamp": "2022-03-21T07:57:34.169Z",
      "event": "COMPANY_PUBLISHED",
      "status": "UNREAD",
      "_id": {
        "$oid": "62382fee5e250b413c3165f7"
      }
    },
    {
      "message": "Company is published",
      "timestamp": "2022-03-21T07:56:22.318Z",
      "event": "COMPANY_PUBLISHED",
      "status": "UNREAD",
      "_id": {
        "$oid": "62382fa65e250b413c3165b2"
      }
    },
    {
      "message": "Company is published",
      "timestamp": "2022-03-21T07:53:07.910Z",
      "event": "COMPANY_PUBLISHED",
      "status": "UNREAD",
      "_id": {
        "$oid": "62382ee42c6ba97982654a77"
      }
    },
    {
      "message": "Your Job is Live",
      "timestamp": "2022-03-21T07:23:40.788Z",
      "event": "JOB_PUBLISHED",
      "status": "UNREAD",
      "_id": {
        "$oid": "623827fd5e250b413c316515"
      }
    },
    {
      "message": "Your Job is Rejected",
      "timestamp": "2022-03-21T05:09:45.165Z",
      "event": "JOB_REJECTED",
      "status": "UNREAD",
      "_id": {
        "$oid": "62380899988ad38af7bdd892"
      }
    },
    {
      "message": "Your Job is Live",
      "timestamp": "2022-03-21T05:09:32.738Z",
      "event": "JOB_APPROVED",
      "status": "UNREAD",
      "_id": {
        "$oid": "6238088d988ad38af7bdd861"
      }
    },
    {
      "message": "Your Job is Deleted",
      "timestamp": "2022-03-21T05:07:50.118Z",
      "event": "JOB_DELETED",
      "status": "UNREAD",
      "_id": {
        "$oid": "62380826988ad38af7bdd832"
      }
    },
    {
      "message": "Your Job is Live",
      "timestamp": "2022-03-20T19:40:30.046Z",
      "event": "JOB_PUBLISHED",
      "status": "UNREAD",
      "_id": {
        "$oid": "6237832e0a90565f891a0d4e"
      }
    },
    {
      "message": "Your Job is Non-Featured",
      "timestamp": "2022-03-20T19:35:12.006Z",
      "event": "JOB_NON-FEATURED",
      "status": "UNREAD",
      "_id": {
        "$oid": "623781f00a90565f891a0cc1"
      }
    },
    {
      "message": "Your Job is listed featured",
      "timestamp": "2022-03-20T19:34:35.010Z",
      "event": "JOB_FEATURED",
      "status": "UNREAD",
      "_id": {
        "$oid": "623781cb0a90565f891a0c90"
      }
    },
    {
      "message": "Your Job is in Draft",
      "timestamp": "2022-03-20T19:34:25.778Z",
      "event": "JOB_DRAFTED",
      "status": "UNREAD",
      "_id": {
        "$oid": "623781c20a90565f891a0c6a"
      }
    },
    {
      "message": "Your Job is Live",
      "timestamp": "2022-03-20T13:38:49.624Z",
      "event": "JOB_APPROVED",
      "status": "UNREAD",
      "_id": {
        "$oid": "62372e69cab68e82ad8fddf5"
      }
    },
    {
      "message": "Your Job is Live",
      "timestamp": "2022-03-20T13:38:26.272Z",
      "event": "JOB_PUBLISHED",
      "status": "UNREAD",
      "_id": {
        "$oid": "62372e52cab68e82ad8fddd4"
      }
    },
    {
      "message": "Your Resume is Live",
      "timestamp": "2022-03-20T08:03:50.823Z",
      "event": "RESUME_PUBLISHED",
      "status": "UNREAD",
      "_id": {
        "$oid": "6236dfe6fd617aa5a192b063"
      }
    },
    {
      "message": "Your Resume is Live",
      "timestamp": "2022-03-20T07:26:37.019Z",
      "event": "RESUME_PUBLISHED",
      "status": "UNREAD",
      "_id": {
        "$oid": "6236d72dac57a2a51a872f99"
      }
    },
    {
      "message": "Your Resume is Live",
      "timestamp": "2022-03-20T07:02:21.571Z",
      "event": "RESUME_PUBLISHED",
      "status": "UNREAD",
      "_id": {
        "$oid": "6236d17d1fa44cc5b2ac3711"
      }
    },
    {
      "message": "Your job has been  deleted",
      "timestamp": "2022-03-19T19:10:51.989Z",
      "event": "JOB_DELETED",
      "status": "UNREAD",
      "_id": {
        "$oid": "62362abc58e59f330c255acd"
      }
    },
    {
      "message": "Your job has been  deleted",
      "timestamp": "2022-03-19T19:09:05.582Z",
      "event": "JOB_DELETED",
      "status": "UNREAD",
      "_id": {
        "$oid": "62362a513666e149de10ed9e"
      }
    },
    {
      "message": "Your job has been  deleted",
      "timestamp": "2022-03-19T19:02:43.786Z",
      "event": "JOB_DELETED",
      "status": "UNREAD",
      "_id": {
        "$oid": "623628d33666e149de10ed8c"
      }
    },
    {
      "message": "Your job has been  deleted",
      "timestamp": "2022-03-19T18:55:39.342Z",
      "event": "JOB_DELETED",
      "status": "UNREAD",
      "_id": {
        "$oid": "6236272b52b32373db199eee"
      }
    },
    {
      "message": "Your resume has been published successfully",
      "timestamp": "2022-03-16T20:00:41.885Z",
      "event": "RESUME_PUBLISHED",
      "status": "UNREAD",
      "_id": {
        "$oid": "623241e92b674a4761d4a045"
      }
    },
    {
      "message": "You have notification- Job Created Successfully",
      "timestamp": "2022-03-16T20:01:26.629Z",
      "event": "JOB_PUBLISHED",
      "status": "UNREAD",
      "_id": {
        "$oid": "623242162b674a4761d4a04c"
      }
    },
    {
      "message": "You have notification- Job Created Successfully",
      "timestamp": "2022-03-16T21:02:06.363Z",
      "event": "JOB_PUBLISHED",
      "status": "UNREAD",
      "_id": {
        "$oid": "6232504e5a74126e49a2b29b"
      }
    },
    {
      "message": "You have notification- Job Created Successfully",
      "timestamp": "2022-03-16T21:06:01.460Z",
      "event": "JOB_PUBLISHED",
      "status": "UNREAD",
      "_id": {
        "$oid": "623251395a74126e49a2b2ae"
      }
    }
  ],
  "__v": 0
},{
  "_id": {
    "$oid": "6232587f5a74126e49a2b2bc"
  },
  "user": {
    "$oid": "622b4ce8210fd3b5bb5a3154"
  },
  "notification": [
    {
      "message": "Request to reset password",
      "timestamp": "2022-05-09T02:34:46.651Z",
      "event": "RESET_PASSWORD",
      "status": "READ",
      "_id": {
        "$oid": "62787dc63dedf50ef397e4d2"
      }
    },
    {
      "message": "Your Job is listed featured",
      "timestamp": "2022-04-10T08:49:08.553Z",
      "event": "JOB_FEATURED",
      "status": "READ",
      "_id": {
        "$oid": "62529a043dedf50ef3975f4d"
      }
    },
    {
      "message": "Your Job is Published",
      "timestamp": "2022-04-10T07:25:50.771Z",
      "event": "JOB_PUBLISHED",
      "status": "READ",
      "_id": {
        "$oid": "6252867e313169ffb1eef27a"
      }
    },
    {
      "message": "Your Job is Published",
      "timestamp": "2022-04-10T07:25:18.424Z",
      "event": "JOB_PUBLISHED",
      "status": "UNREAD",
      "_id": {
        "$oid": "6252865e313169ffb1eef254"
      }
    },
    {
      "message": "Your Job is Published",
      "timestamp": "2022-04-10T07:22:57.372Z",
      "event": "JOB_PUBLISHED",
      "status": "UNREAD",
      "_id": {
        "$oid": "625285d1a14e4ec6a71f5cd4"
      }
    },
    {
      "message": "Your Job is Published",
      "timestamp": "2022-04-10T07:21:34.040Z",
      "event": "JOB_PUBLISHED",
      "status": "UNREAD",
      "_id": {
        "$oid": "6252857ed9dff5752d3edc33"
      }
    },
    {
      "message": "Your Job is Published",
      "timestamp": "2022-04-10T07:06:09.639Z",
      "event": "JOB_PUBLISHED",
      "status": "UNREAD",
      "_id": {
        "$oid": "625281e129a7c192e3d4f646"
      }
    },
    {
      "message": "Your Job is Published",
      "timestamp": "2022-04-10T07:03:52.493Z",
      "event": "JOB_PUBLISHED",
      "status": "UNREAD",
      "_id": {
        "$oid": "625281588754825b78ab64a3"
      }
    },
    {
      "message": "Company is published",
      "timestamp": "2022-04-05T07:10:15.202Z",
      "event": "COMPANY_PUBLISHED",
      "status": "UNREAD",
      "_id": {
        "$oid": "624beb579da26ad1ef53976d"
      }
    },
    {
      "message": "Your job has been published successfully",
      "timestamp": "2022-03-19T10:10:03.728Z",
      "event": "JOB_PUBLISHED",
      "status": "READ",
      "_id": {
        "$oid": "6235abfbb8b2708412cedc04"
      }
    },
    {
      "message": "Your job has been published successfully",
      "timestamp": "2022-03-19T09:52:30.903Z",
      "event": "JOB_PUBLISHED",
      "status": "READ",
      "_id": {
        "$oid": "6235a7df739a5aa3de4859d5"
      }
    },
    {
      "message": "Your job has been published successfully",
      "timestamp": "2022-03-19T09:49:04.137Z",
      "event": "JOB_PUBLISHED",
      "status": "READ",
      "_id": {
        "$oid": "6235a7106f2196fe1df76da2"
      }
    },
    {
      "message": "Your job has been published successfully",
      "timestamp": "2022-03-19T09:47:47.204Z",
      "event": "JOB_PUBLISHED",
      "status": "READ",
      "_id": {
        "$oid": "6235a6c3aaf219aabb250379"
      }
    },
    {
      "message": "Your job has been published successfully",
      "timestamp": "2022-03-19T09:43:13.936Z",
      "event": "JOB_PUBLISHED",
      "status": "READ",
      "_id": {
        "$oid": "6235a5b2cde423a5d6d08624"
      }
    },
    {
      "message": "Your Company has been published successfully",
      "timestamp": "2022-03-17T19:56:24.740Z",
      "event": "COMPANY_PUBLISHED",
      "status": "READ",
      "_id": {
        "$oid": "62339269257cd4e198319a56"
      }
    },
    {
      "message": "Your job has been published successfully",
      "timestamp": "2022-03-16T21:37:03.194Z",
      "event": "JOB_PUBLISHED",
      "status": "READ",
      "_id": {
        "$oid": "6232587f5a74126e49a2b2bd"
      }
    }
  ],
  "__v": 0
},{
  "_id": {
    "$oid": "62333b15fa0ad433db588523"
  },
  "notification": [
    {
      "message": "Your job has been featured successfully",
      "timestamp": "2022-03-20T10:30:41.598Z",
      "event": "JOB_FEATURED",
      "status": "UNREAD",
      "_id": {
        "$oid": "62370251f093ba9d09595d23"
      }
    },
    {
      "message": "Your Job is listed featured",
      "timestamp": "2022-03-20T10:30:41.596Z",
      "status": "UNREAD",
      "_id": {
        "$oid": "62370251f093ba9d09595d16"
      }
    },
    {
      "message": "Your job has been approved successfully",
      "timestamp": "2022-03-17T19:57:36.153Z",
      "event": "COMPANY_APPROVED",
      "status": "UNREAD",
      "_id": {
        "$oid": "623392b0257cd4e198319a86"
      }
    },
    {
      "message": "Your job has been approved successfully",
      "timestamp": "2022-03-17T19:50:56.054Z",
      "event": "COMPANY_APPROVED",
      "status": "UNREAD",
      "_id": {
        "$oid": "62339120257cd4e1983199ec"
      }
    },
    {
      "message": "Your job has been approved successfully",
      "timestamp": "2022-03-17T19:47:30.403Z",
      "event": "COMPANY_APPROVED",
      "status": "UNREAD",
      "_id": {
        "$oid": "62339052257cd4e19831998f"
      }
    },
    {
      "message": "Your job has been approved successfully",
      "timestamp": "2022-03-17T19:18:44.447Z",
      "event": "COMPANY_APPROVED",
      "status": "UNREAD",
      "_id": {
        "$oid": "6233899430dc3759b7ec653f"
      }
    },
    {
      "message": "Your job has been approved successfully",
      "timestamp": "2022-03-17T19:14:45.954Z",
      "event": "COMPANY_APPROVED",
      "status": "UNREAD",
      "_id": {
        "$oid": "623388a630dc3759b7ec64fc"
      }
    },
    {
      "message": "Your job has been approved successfully",
      "timestamp": "2022-03-17T19:13:59.638Z",
      "event": "COMPANY_APPROVED",
      "status": "UNREAD",
      "_id": {
        "$oid": "6233887730dc3759b7ec64d4"
      }
    },
    {
      "message": "Your job has been expired successfully",
      "timestamp": "2022-03-17T15:06:43.610Z",
      "event": "COMPANY_EXPIRED",
      "status": "UNREAD",
      "_id": {
        "$oid": "62334e83fa0ad433db58861d"
      }
    },
    {
      "message": "Your job has been approved successfully",
      "timestamp": "2022-03-17T14:57:35.175Z",
      "event": "COMPANY_APPROVED",
      "status": "UNREAD",
      "_id": {
        "$oid": "62334c5ffa0ad433db5885fb"
      }
    },
    {
      "message": "Your job has been approved successfully",
      "timestamp": "2022-03-17T14:16:52.380Z",
      "event": "COMPANY_APPROVED",
      "status": "UNREAD",
      "_id": {
        "$oid": "623342d4fa0ad433db588553"
      }
    },
    {
      "message": "Your job has been approved successfully",
      "timestamp": "2022-03-17T14:08:20.504Z",
      "event": "COMPANY_APPROVED",
      "status": "UNREAD",
      "_id": {
        "$oid": "623340d4fa0ad433db588541"
      }
    },
    {
      "message": "Your job has been approved successfully",
      "timestamp": "2022-03-17T13:43:49.115Z",
      "event": "COMPANY_APPROVED",
      "status": "UNREAD",
      "_id": {
        "$oid": "62333b15fa0ad433db588524"
      }
    }
  ],
  "__v": 0
},{
  "_id": {
    "$oid": "62334776fa0ad433db5885a3"
  },
  "user": {
    "$oid": "622c19c8883ff7f656be66a6"
  },
  "notification": [
    {
      "message": "Request to reset password",
      "timestamp": "2022-03-29T12:10:34.939Z",
      "event": "RESET_PASSWORD",
      "status": "UNREAD",
      "_id": {
        "$oid": "6242f73bd4ecbc62f01cae49"
      }
    },
    {
      "message": "Request to reset password",
      "timestamp": "2022-03-29T12:06:32.992Z",
      "event": "FORGET_PASSWORD",
      "status": "UNREAD",
      "_id": {
        "$oid": "6242f6499b0c7dca70899168"
      }
    },
    {
      "message": "Request to reset password",
      "timestamp": "2022-03-29T10:39:03.886Z",
      "event": "FORGET_PASSWORD",
      "status": "UNREAD",
      "_id": {
        "$oid": "6242e1c894103adc128329f0"
      }
    },
    {
      "message": "Request to reset password",
      "timestamp": "2022-03-29T10:30:17.537Z",
      "event": "FORGET_PASSWORD",
      "status": "UNREAD",
      "_id": {
        "$oid": "6242dfb994103adc128329a8"
      }
    },
    {
      "message": "Request to reset password",
      "timestamp": "2022-03-29T09:05:32.506Z",
      "event": "FORGET_PASSWORD",
      "status": "UNREAD",
      "_id": {
        "$oid": "6242cbdc0592b1faf1eeb7ab"
      }
    },
    {
      "message": "Confirmation Email",
      "timestamp": "2022-03-29T09:04:35.250Z",
      "event": "CONFIRMATION_EMAIL",
      "status": "UNREAD",
      "_id": {
        "$oid": "6242cba30592b1faf1eeb762"
      }
    },
    {
      "message": "Request to reset password",
      "timestamp": "2022-03-29T05:48:01.456Z",
      "event": "FORGET_PASSWORD",
      "status": "UNREAD",
      "_id": {
        "$oid": "62429d91e5260b7bf534941c"
      }
    },
    {
      "message": "Confirmation Email",
      "timestamp": "2022-03-28T08:00:08.536Z",
      "event": "CONFIRMATION_EMAIL",
      "status": "UNREAD",
      "_id": {
        "$oid": "62416b08cde71b067d7c1d6e"
      }
    },
    {
      "message": "Confirmation Email",
      "timestamp": "2022-03-28T06:25:34.435Z",
      "event": "CONFIRMATION_EMAIL",
      "status": "UNREAD",
      "_id": {
        "$oid": "624154decde71b067d7c1726"
      }
    },
    {
      "message": "Request to reset password",
      "timestamp": "2022-03-28T04:52:38.635Z",
      "event": "FORGET_PASSWORD",
      "status": "UNREAD",
      "_id": {
        "$oid": "62413f160ae683332592c031"
      }
    },
    {
      "message": "Request to reset password",
      "timestamp": "2022-03-28T04:41:02.007Z",
      "event": "FORGET_PASSWORD",
      "status": "UNREAD",
      "_id": {
        "$oid": "62413c5e0ae683332592c013"
      }
    },
    {
      "message": "Your Job is listed featured",
      "timestamp": "2022-03-22T08:12:33.916Z",
      "event": "JOB_FEATURED",
      "status": "READ",
      "_id": {
        "$oid": "623984f2d59e675e347a82d8"
      }
    },
    {
      "message": "Your Job is Non-Featured",
      "timestamp": "2022-03-22T08:12:22.726Z",
      "event": "JOB_NON-FEATURED",
      "status": "READ",
      "_id": {
        "$oid": "623984e7d59e675e347a82aa"
      }
    },
    {
      "message": "Your Job is listed featured",
      "timestamp": "2022-03-22T07:48:07.088Z",
      "event": "JOB_FEATURED",
      "status": "UNREAD",
      "_id": {
        "$oid": "62397f37d59e675e347a7e62"
      }
    },
    {
      "message": "Your Job is Live",
      "timestamp": "2022-03-22T07:27:12.023Z",
      "event": "JOB_PUBLISHED",
      "status": "UNREAD",
      "_id": {
        "$oid": "62397a50d59e675e347a7d12"
      }
    },
    {
      "message": "Your Job is in Draft",
      "timestamp": "2022-03-22T07:27:06.365Z",
      "event": "JOB_DRAFTED",
      "status": "UNREAD",
      "_id": {
        "$oid": "62397a4ad59e675e347a7cfe"
      }
    },
    {
      "message": "Your Job is Live",
      "timestamp": "2022-03-22T07:26:44.857Z",
      "event": "JOB_PUBLISHED",
      "status": "UNREAD",
      "_id": {
        "$oid": "62397a35d59e675e347a7ceb"
      }
    },
    {
      "message": "Company is published",
      "timestamp": "2022-03-22T07:21:31.316Z",
      "event": "COMPANY_PUBLISHED",
      "status": "UNREAD",
      "_id": {
        "$oid": "623978fbd59e675e347a7c65"
      }
    },
    {
      "message": "Your job has been published successfully",
      "timestamp": "2022-03-20T08:32:21.868Z",
      "event": "JOB_PUBLISHED",
      "status": "UNREAD",
      "_id": {
        "$oid": "6236e696f093ba9d095959e1"
      }
    },
    {
      "message": "Your job has been published successfully",
      "timestamp": "2022-03-20T06:38:11.272Z",
      "event": "JOB_PUBLISHED",
      "status": "UNREAD",
      "_id": {
        "$oid": "6236cbd36e44d1e20ae55f82"
      }
    },
    {
      "message": "Your Company has been published successfully",
      "timestamp": "2022-03-17T14:36:38.106Z",
      "event": "COMPANY_PUBLISHED",
      "status": "UNREAD",
      "_id": {
        "$oid": "62334776fa0ad433db5885a4"
      }
    }
  ],
  "__v": 0
},{
  "_id": {
    "$oid": "6233934be002495569f69aa5"
  },
  "user": {
    "$oid": "6231c957665e34e94e267890"
  },
  "notification": [
    {
      "message": "Request to reset password",
      "timestamp": "2022-05-09T02:37:38.317Z",
      "event": "RESET_PASSWORD",
      "status": "UNREAD",
      "_id": {
        "$oid": "62787e723dedf50ef397e5ba"
      }
    },
    {
      "message": "Job Alert",
      "timestamp": "2022-05-08T00:00:06.412Z",
      "event": "JOB_ALERT",
      "status": "UNREAD",
      "_id": {
        "$oid": "627708063dedf50ef397e035"
      }
    },
    {
      "message": "Job Alert",
      "timestamp": "2022-05-01T00:00:10.987Z",
      "event": "JOB_ALERT",
      "status": "UNREAD",
      "_id": {
        "$oid": "626dcd8b3dedf50ef397cca0"
      }
    },
    {
      "message": "Job Alert",
      "timestamp": "2022-04-24T00:00:06.590Z",
      "event": "JOB_ALERT",
      "status": "UNREAD",
      "_id": {
        "$oid": "626493063dedf50ef397b99e"
      }
    },
    {
      "message": "Job Alert",
      "timestamp": "2022-04-17T00:00:05.070Z",
      "event": "JOB_ALERT",
      "status": "UNREAD",
      "_id": {
        "$oid": "625b58853dedf50ef3979a19"
      }
    },
    {
      "message": "Job Alert",
      "timestamp": "2022-04-10T00:00:06.402Z",
      "event": "JOB_ALERT",
      "status": "UNREAD",
      "_id": {
        "$oid": "62521e06312fc9926c351c2c"
      }
    },
    {
      "message": "Job is Applied",
      "timestamp": "2022-04-03T07:31:28.530Z",
      "event": "JOB_APPLIED",
      "status": "READ",
      "_id": {
        "$oid": "62494d50bf3a28adaae439ea"
      }
    },
    {
      "message": "Your resume has been published successfully",
      "timestamp": "2022-03-17T20:00:11.506Z",
      "event": "RESUME_PUBLISHED",
      "status": "READ",
      "_id": {
        "$oid": "6233934be002495569f69aa6"
      }
    }
  ],
  "__v": 0
},{
  "_id": {
    "$oid": "6239774335c7ae53c5e5d93f"
  },
  "user": {
    "$oid": "6239773d35c7ae53c5e5d93b"
  },
  "notification": [
    {
      "message": "Confirmation Email",
      "timestamp": "2022-03-22T07:14:11.261Z",
      "event": "CONFIRMATION_EMAIL",
      "status": "UNREAD",
      "_id": {
        "$oid": "6239774335c7ae53c5e5d940"
      }
    }
  ],
  "__v": 0
},{
  "_id": {
    "$oid": "6241d54fe5260b7bf5348c3c"
  },
  "user": {
    "$oid": "6241d549e5260b7bf5348c37"
  },
  "notification": [
    {
      "message": "Your Job is Non-Featured",
      "timestamp": "2022-03-28T15:53:37.153Z",
      "event": "JOB_NON-FEATURED",
      "status": "READ",
      "_id": {
        "$oid": "6241da01e5260b7bf5348cf1"
      }
    },
    {
      "message": "Your Job is listed featured",
      "timestamp": "2022-03-28T15:53:09.871Z",
      "event": "JOB_FEATURED",
      "status": "READ",
      "_id": {
        "$oid": "6241d9e6e5260b7bf5348ce1"
      }
    },
    {
      "message": "Your Job is Published",
      "timestamp": "2022-03-28T15:52:34.885Z",
      "event": "JOB_PUBLISHED",
      "status": "READ",
      "_id": {
        "$oid": "6241d9c3e5260b7bf5348cd3"
      }
    },
    {
      "message": "Confirmation Email",
      "timestamp": "2022-03-28T15:33:34.734Z",
      "event": "CONFIRMATION_EMAIL",
      "status": "READ",
      "_id": {
        "$oid": "6241d54fe5260b7bf5348c3d"
      }
    }
  ],
  "__v": 0
},{
  "_id": {
    "$oid": "6241dd41e5260b7bf5348d5c"
  },
  "user": {
    "$oid": "6241dd3ae5260b7bf5348d58"
  },
  "notification": [
    {
      "message": "Confirmation Email",
      "timestamp": "2022-03-28T16:07:29.682Z",
      "event": "CONFIRMATION_EMAIL",
      "status": "READ",
      "_id": {
        "$oid": "6241dd41e5260b7bf5348d5d"
      }
    }
  ],
  "__v": 0
},{
  "_id": {
    "$oid": "6241de1ee5260b7bf5348dda"
  },
  "user": {
    "$oid": "6241de19e5260b7bf5348dc1"
  },
  "notification": [
    {
      "message": "Confirmation Email",
      "timestamp": "2022-03-28T16:11:09.877Z",
      "event": "CONFIRMATION_EMAIL",
      "status": "READ",
      "_id": {
        "$oid": "6241de1ee5260b7bf5348ddb"
      }
    }
  ],
  "__v": 0
},{
  "_id": {
    "$oid": "624537c9add9a7870dffb177"
  },
  "user": {
    "$oid": "624537c5add9a7870dffb173"
  },
  "notification": [
    {
      "message": "Job Alert",
      "timestamp": "2022-05-08T00:00:05.841Z",
      "event": "JOB_ALERT",
      "status": "UNREAD",
      "_id": {
        "$oid": "627708063dedf50ef397df36"
      }
    },
    {
      "message": "Job Alert",
      "timestamp": "2022-05-01T00:00:09.971Z",
      "event": "JOB_ALERT",
      "status": "UNREAD",
      "_id": {
        "$oid": "626dcd8a3dedf50ef397ca60"
      }
    },
    {
      "message": "Job Alert",
      "timestamp": "2022-04-24T00:00:06.581Z",
      "event": "JOB_ALERT",
      "status": "UNREAD",
      "_id": {
        "$oid": "626493063dedf50ef397b962"
      }
    },
    {
      "message": "Job Alert",
      "timestamp": "2022-04-17T00:00:05.036Z",
      "event": "JOB_ALERT",
      "status": "UNREAD",
      "_id": {
        "$oid": "625b58853dedf50ef3979a14"
      }
    },
    {
      "message": "Job Alert",
      "timestamp": "2022-04-10T00:00:06.379Z",
      "event": "JOB_ALERT",
      "status": "UNREAD",
      "_id": {
        "$oid": "62521e06312fc9926c351bf7"
      }
    },
    {
      "message": "Job Alert",
      "timestamp": "2022-04-09T00:00:03.925Z",
      "event": "JOB_ALERT",
      "status": "UNREAD",
      "_id": {
        "$oid": "6250cc84312fc9926c350392"
      }
    },
    {
      "message": "Job Alert",
      "timestamp": "2022-04-08T00:00:07.871Z",
      "event": "JOB_ALERT",
      "status": "UNREAD",
      "_id": {
        "$oid": "624f7b08312fc9926c3500b2"
      }
    },
    {
      "message": "Job Alert",
      "timestamp": "2022-04-07T00:00:06.103Z",
      "event": "JOB_ALERT",
      "status": "UNREAD",
      "_id": {
        "$oid": "624e2986095b8dc851d3366e"
      }
    },
    {
      "message": "Job Alert",
      "timestamp": "2022-04-06T00:00:03.831Z",
      "event": "JOB_ALERT",
      "status": "UNREAD",
      "_id": {
        "$oid": "624cd804471afaba20bc1cfd"
      }
    },
    {
      "message": "Job is Applied",
      "timestamp": "2022-04-05T09:22:26.789Z",
      "event": "JOB_APPLIED",
      "status": "UNREAD",
      "_id": {
        "$oid": "624c0a5314b42e9b9d8a341b"
      }
    },
    {
      "message": "Your Resume is Live",
      "timestamp": "2022-04-05T05:03:49.151Z",
      "event": "RESUME_PUBLISHED",
      "status": "UNREAD",
      "_id": {
        "$oid": "624bcdb59da26ad1ef5388c9"
      }
    },
    {
      "message": "Job Alert",
      "timestamp": "2022-04-05T00:00:06.613Z",
      "event": "JOB_ALERT",
      "status": "UNREAD",
      "_id": {
        "$oid": "624b86869da26ad1ef53844e"
      }
    },
    {
      "message": "Job Alert",
      "timestamp": "2022-04-04T00:00:05.980Z",
      "event": "JOB_ALERT",
      "status": "UNREAD",
      "_id": {
        "$oid": "624a350622953e7a080fcb19"
      }
    },
    {
      "message": "Job Alert",
      "timestamp": "2022-04-03T00:00:08.005Z",
      "event": "JOB_ALERT",
      "status": "UNREAD",
      "_id": {
        "$oid": "6248e388bf3a28adaae42e89"
      }
    },
    {
      "message": "Job Alert",
      "timestamp": "2022-04-02T00:00:04.506Z",
      "event": "JOB_ALERT",
      "status": "UNREAD",
      "_id": {
        "$oid": "624792044f57b3682d000e6f"
      }
    },
    {
      "message": "Job Alert",
      "timestamp": "2022-04-01T00:00:05.192Z",
      "event": "JOB_ALERT",
      "status": "UNREAD",
      "_id": {
        "$oid": "624640854f57b3682d000be1"
      }
    },
    {
      "message": "Confirmation Email",
      "timestamp": "2022-03-31T05:10:32.832Z",
      "event": "CONFIRMATION_EMAIL",
      "status": "READ",
      "_id": {
        "$oid": "624537c9add9a7870dffb178"
      }
    }
  ],
  "__v": 0
},{
  "_id": {
    "$oid": "624a8a1b158ae0bfd6d12f98"
  },
  "user": {
    "$oid": "624a8a16158ae0bfd6d12f94"
  },
  "notification": [
    {
      "message": "Confirmation Email",
      "timestamp": "2022-04-04T06:03:07.219Z",
      "event": "CONFIRMATION_EMAIL",
      "status": "READ",
      "_id": {
        "$oid": "624a8a1b158ae0bfd6d12f99"
      }
    }
  ],
  "__v": 0
},{
  "_id": {
    "$oid": "6252823f29a7c192e3d4f68b"
  },
  "user": {
    "$oid": "6252823c29a7c192e3d4f687"
  },
  "notification": [
    {
      "message": "Confirmation Email",
      "timestamp": "2022-04-10T07:07:43.331Z",
      "event": "CONFIRMATION_EMAIL",
      "status": "UNREAD",
      "_id": {
        "$oid": "6252823f29a7c192e3d4f68c"
      }
    }
  ],
  "__v": 0
},{
  "_id": {
    "$oid": "625e6e593dedf50ef397a9b1"
  },
  "user": {
    "$oid": "625e6e553dedf50ef397a9ad"
  },
  "notification": [
    {
      "message": "Confirmation Email",
      "timestamp": "2022-04-19T08:10:01.326Z",
      "event": "CONFIRMATION_EMAIL",
      "status": "UNREAD",
      "_id": {
        "$oid": "625e6e593dedf50ef397a9b2"
      }
    }
  ],
  "__v": 0
}]