[{
  "_id": {
    "$oid": "6243eb2ac44015cea5f2d3d8"
  },
  "packageName": "Basic Package",
  "subtitle": "Platinum ",
  "subTitleStatus": true,
  "shortDesc": "Lorem ipsum dolor sit amet, consectetur adipiscing elit. A odio pretium at senectus.",
  "pricing": 10,
  "frequency": "Monthly",
  "buttonText": "Get Started",
  "validity": 20,
  "totalJobs": 10,
  "featuredJobs": 5,
  "services": [
    {
      "name": "Premium Support",
      "details": "24/7",
      "_id": {
        "$oid": "6243eb2ac44015cea5f2d3d9"
      }
    }
  ],
  "createdAt": {
    "$date": {
      "$numberLong": "1648618282791"
    }
  },
  "updatedAt": {
    "$date": {
      "$numberLong": "1648618744897"
    }
  },
  "__v": 0
},{
  "_id": {
    "$oid": "6243f3849dacaa13b7d65fc8"
  },
  "packageName": "Gold",
  "subtitle": "Best Package",
  "subTitleStatus": true,
  "shortDesc": "Lorem ipsum dolor sit amet, consectetur adipiscing elit. A odio pretium at senectus.",
  "pricing": 50,
  "frequency": "Monthly",
  "buttonText": "Get Started",
  "validity": 30,
  "totalJobs": 10,
  "featuredJobs": 5,
  "services": [
    {
      "name": "Premium Support",
      "details": "24/7",
      "_id": {
        "$oid": "6243f3849dacaa13b7d65fc9"
      }
    }
  ],
  "createdAt": {
    "$date": {
      "$numberLong": "1648620420751"
    }
  },
  "updatedAt": {
    "$date": {
      "$numberLong": "1648897379246"
    }
  },
  "__v": 0
}]