[{
  "_id": {
    "$oid": "623241e62b674a4761d4a039"
  },
  "user": {
    "$oid": "622b4d0a210fd3b5bb5a315c"
  },
  "status": {
    "isPublished": false,
    "isApproved": true,
    "isActive": true
  },
  "name": "Human Response Orchestrator",
  "email": "Maeve6@yahoo.com",
  "region": "Europe",
  "professionalTitle": "Central Program Developer",
  "location": "odit suscipit sunt",
  "photo": "https://res.cloudinary.com/js-template/image/upload/v1648133165/ghetuwzsjroimcia1ey7.png",
  "video": "",
  "category": "Bank/ Non-Bank Fin",
  "industry": "Organized",
  "workingRate": 2000,
  "education": [
    {
      "schoolName": "ratione exercitationem maiores",
      "qualifications": "quick demo",
      "startDate": "2019-01-09",
      "endDate": "2022-03-01",
      "notes": "",
      "_id": {
        "$oid": "623241e62b674a4761d4a03a"
      }
    },
    {
      "schoolName": "sequi quia repellendus",
      "qualifications": "quick demo",
      "startDate": "2020-05-11",
      "endDate": "2022-03-09",
      "notes": "",
      "_id": {
        "$oid": "623241e62b674a4761d4a03b"
      }
    }
  ],
  "resumeContent": "Voluptatem ullam culpa libero quibusdam ut quibusdam. Voluptates ipsam nihil voluptas minima consectetur nisi voluptatum nostrum. Libero earum tenetur veniam sed iure reprehenderit nisi nobis aperiam.",
  "skills": [
    "HTML",
    "CSS"
  ],
  "url": [
    {
      "name": "fugit officia eveniet",
      "url": "http://placeimg.com/640/480",
      "_id": {
        "$oid": "623241e62b674a4761d4a03d"
      }
    }
  ],
  "experience": [
    {
      "employerName": "Demo",
      "jobTitle": "sed velit sunt",
      "startDate": "2019-01-01",
      "endDate": "2022-03-21",
      "notes": "",
      "_id": {
        "$oid": "623241e62b674a4761d4a03e"
      }
    }
  ],
  "__v": 0,
  "updatedAt": {
    "$date": {
      "$numberLong": "1648551776661"
    }
  },
  "photoCloudinary_id": "ghetuwzsjroimcia1ey7"
},{
  "_id": {
    "$oid": "6232d1b5e00d0e22d17b5fbf"
  },
  "user": {
    "$oid": "6230e1ee604699b80d342b7b"
  },
  "status": {
    "isPublished": true,
    "isApproved": false,
    "isActive": true
  },
  "name": "Corporate Accounts Agent",
  "email": "Claud_Dare27@hotmail.com",
  "region": "Australia",
  "professionalTitle": "Investor Quality Facilitator",
  "location": "numquam quia voluptatumm",
  "photo": "https://res.cloudinary.com/js-template/image/upload/v1647942354/akmytnt762royep0lyew.png",
  "video": "http://placeimg.com/640/480",
  "category": "Construction/Facilities",
  "industry": "Internal",
  "workingRate": 20,
  "education": [
    {
      "schoolName": "culpa autem dolorum",
      "qualifications": "BSC",
      "startDate": "2022-03-18",
      "endDate": "2022-03-17",
      "notes": "Education note2",
      "_id": {
        "$oid": "6232d1b5e00d0e22d17b5fc0"
      }
    }
  ],
  "resumeContent": "Dolor adipisci eligendi cum quia ut et id. Pariatur quibusdam vel atque sit adipisci. Dolorem ea et aut error molestias. Quae maiores qui debitis ut reprehenderit. Accusamus maiores et molestias dolorem.",
  "skills": [
    null,
    null,
    null,
    null
  ],
  "url": [
    {
      "name": "ut voluptate dolores",
      "url": "http://placeimg.com/640/480",
      "_id": {
        "$oid": "6232d1b5e00d0e22d17b5fc3"
      }
    }
  ],
  "experience": [
    {
      "employerName": "Experience1",
      "jobTitle": "repellat officiis ut",
      "startDate": "2022-03-18",
      "endDate": "2022-03-09",
      "notes": "Experience note 1",
      "_id": {
        "$oid": "6232d1b5e00d0e22d17b5fc4"
      }
    }
  ],
  "__v": 0,
  "photoCloudinary_id": "akmytnt762royep0lyew",
  "updatedAt": {
    "$date": {
      "$numberLong": "1648449910725"
    }
  }
},{
  "_id": {
    "$oid": "6232d7e9515bc794fd316eec"
  },
  "user": {
    "$oid": "6230e1ee604699b80d342b7b"
  },
  "status": {
    "isPublished": true,
    "isApproved": false,
    "isActive": true
  },
  "name": "Senior Mobility Administrator",
  "email": "Wyman_Klocko9@yahoo.com",
  "region": "Steel",
  "professionalTitle": "Lead Solutions Designer",
  "location": "eum tempore odit",
  "photo": "https://res.cloudinary.com/js-template/image/upload/v1648133221/wnzuneoxpxxjrwg2gpft.png",
  "video": "",
  "category": "Automotive",
  "industry": "Cotton",
  "workingRate": 20,
  "education": [
    {
      "schoolName": "deserunt debitis veritatis",
      "qualifications": "BSC",
      "startDate": "2022-03-16",
      "endDate": "2022-03-15",
      "notes": "",
      "_id": {
        "$oid": "6232d7e9515bc794fd316eed"
      }
    }
  ],
  "resumeContent": "Voluptas quia dolor. Dolorem impedit quos. Enim temporibus doloremque. Ut ipsa laboriosam ipsum doloribus deserunt qui nobis quos quas. Qui nesciunt et quas.",
  "skills": [
    "CSS",
    "JavaScript"
  ],
  "url": [
    {
      "name": "aliquid tenetur minima",
      "url": "http://placeimg.com/640/480",
      "_id": {
        "$oid": "6232d7e9515bc794fd316ef0"
      }
    }
  ],
  "experience": [
    {
      "employerName": "Experience1",
      "jobTitle": "nemo maxime dignissimos",
      "startDate": "2022-03-07",
      "endDate": "2022-03-09",
      "notes": "",
      "_id": {
        "$oid": "6232d7e9515bc794fd316ef1"
      }
    },
    {
      "employerName": "Experience2",
      "jobTitle": "consectetur quia necessitatibus",
      "startDate": "2022-03-17",
      "endDate": "2022-03-25",
      "notes": "",
      "_id": {
        "$oid": "6232d7e9515bc794fd316ef2"
      }
    }
  ],
  "__v": 0,
  "updatedAt": {
    "$date": {
      "$numberLong": "1648133222471"
    }
  },
  "photoCloudinary_id": "wnzuneoxpxxjrwg2gpft"
},{
  "_id": {
    "$oid": "62339346e002495569f69a9a"
  },
  "user": {
    "$oid": "6231c957665e34e94e267890"
  },
  "status": {
    "isPublished": false,
    "isApproved": true,
    "isActive": true
  },
  "name": "MD. Robi",
  "email": "info@example.com",
  "region": "Asia",
  "professionalTitle": "Central Accountability Designer",
  "location": "dolorem aut voluptas",
  "photo": "https://res.cloudinary.com/js-template/image/upload/v1648119294/ywkikr9kizapdlm7jz5i.png",
  "video": "",
  "category": "Automotive",
  "industry": "Plastic",
  "workingRate": 1000,
  "education": [
    {
      "schoolName": "BL",
      "qualifications": "BSC",
      "startDate": "2019-01-01",
      "endDate": "2022-03-01",
      "notes": "",
      "_id": {
        "$oid": "62339346e002495569f69a9b"
      }
    }
  ],
  "resumeContent": "Consequuntur sit qui nesciunt molestiae laborum ut. Est ut et recusandae ratione voluptas inventore. Suscipit debitis amet dolorum suscipit error inventore dolorem. Eos ea ducimus natus tempora delectus amet officia magni. Placeat aperiam nobis. Voluptatem dolor sunt ut nihil ut tenetur et.",
  "skills": [
    "CSS",
    "JavaScript",
    "HTML"
  ],
  "url": [
    {
      "name": "dolorum ab eligendi",
      "url": "http://placeimg.com/640/480",
      "_id": {
        "$oid": "62339346e002495569f69a9e"
      }
    }
  ],
  "experience": [
    {
      "employerName": "Robi",
      "jobTitle": "Developer",
      "startDate": "2020-01-01",
      "endDate": "2022-03-15",
      "notes": "",
      "_id": {
        "$oid": "62339346e002495569f69a9f"
      }
    }
  ],
  "__v": 0,
  "updatedAt": {
    "$date": {
      "$numberLong": "1648122749667"
    }
  },
  "photoCloudinary_id": "ywkikr9kizapdlm7jz5i"
},{
  "_id": {
    "$oid": "624054790ae683332592b8c4"
  },
  "user": {
    "$oid": "622b4d0a210fd3b5bb5a315c"
  },
  "status": {
    "isPublished": true,
    "isApproved": false,
    "isActive": true
  },
  "name": "Mike Jackson",
  "email": "zelal@ojjomedia.com",
  "region": "South asia",
  "professionalTitle": "Translation and Content Managment",
  "location": "Dhaka",
  "photo": "https://res.cloudinary.com/js-template/image/upload/v1648383095/udipbmshs4gnh8m0hau0.png",
  "photoCloudinary_id": "udipbmshs4gnh8m0hau0",
  "file": "https://res.cloudinary.com/js-template/image/upload/v1648383096/isfm5mgolfbgeu7py6bp.pdf",
  "fileCloudinary_id": "isfm5mgolfbgeu7py6bp",
  "video": "",
  "category": "Commercial/Supply",
  "workingRate": 1000,
  "education": [
    {
      "schoolName": "Articles & Press Releases at Google",
      "qualifications": "Aenean nisl ante, posuere ac tempor sed, luctus non erat. Mauris tortor libero, facilisis a volutpat sed, porta ac nibh. Cras scelerisque elit magna",
      "startDate": "2010-01-01",
      "endDate": "2012-01-01",
      "notes": "",
      "_id": {
        "$oid": "62515a2b312fc9926c3516c2"
      }
    }
  ],
  "resumeContent": "Professional, versatile writer, confident in writing and editing both nonfiction and fiction.Repertoire of work includes dozens of articles, essays, and opinion pieces, ranging from history to popular culture to politics, economics, and religion.\r\n\r\nHaving studied history, political science, and philosophy, the use of words informing opinions in objective and logical construction is incredibly important.",
  "skills": [
    "HTML",
    "React Native",
    "JavaScript",
    "PHP",
    "React Js"
  ],
  "url": [],
  "experience": [
    {
      "employerName": "Robi",
      "jobTitle": "Creative Writing at Envato",
      "startDate": "2018-01-01",
      "endDate": "2020-01-01",
      "notes": "Donec quis malesuada quam, nec viverra felis. Aenean ut consequat tellus. Proin eget velit nec nibh pharetra sodales. Mauris aliquam ex a tellus consequat porta.",
      "_id": {
        "$oid": "62515a2b312fc9926c3516c3"
      }
    }
  ],
  "createdAt": {
    "$date": {
      "$numberLong": "1648383097140"
    }
  },
  "updatedAt": {
    "$date": {
      "$numberLong": "1649498857689"
    }
  },
  "__v": 0
},{
  "_id": {
    "$oid": "624bcdb09da26ad1ef5388b7"
  },
  "user": {
    "$oid": "624537c5add9a7870dffb173"
  },
  "status": {
    "isPublished": true,
    "isApproved": true,
    "isActive": true
  },
  "name": "GD Robi",
  "email": "rjrobi900@gmail.com",
  "region": "Asia",
  "professionalTitle": "Web Developer",
  "location": "Khulna",
  "photo": "https://res.cloudinary.com/js-template/image/upload/v1649135023/pbca5hcp7ybgcs4vmjth.jpg",
  "photoCloudinary_id": "pbca5hcp7ybgcs4vmjth",
  "video": "",
  "category": "Developer",
  "workingRate": 50,
  "education": [
    {
      "schoolName": "Schoole Name",
      "qualifications": "MA",
      "startDate": "2014-03-07",
      "endDate": "2021-09-01",
      "notes": "This is demo",
      "_id": {
        "$oid": "624bcdb09da26ad1ef5388b8"
      }
    }
  ],
  "resumeContent": "I can develop your website ... ",
  "skills": [
    "HTML",
    "JavaScript",
    "React Js",
    "CSS"
  ],
  "url": [
    {
      "name": "Demo",
      "url": "https://example.com",
      "_id": {
        "$oid": "624bcdb09da26ad1ef5388b9"
      }
    }
  ],
  "experience": [
    {
      "employerName": "Robi",
      "jobTitle": "Web Developer",
      "startDate": "2021-01-01",
      "endDate": "2022-03-01",
      "notes": "Skills update work",
      "_id": {
        "$oid": "624bcdb09da26ad1ef5388ba"
      }
    }
  ],
  "createdAt": {
    "$date": {
      "$numberLong": "1649135024371"
    }
  },
  "updatedAt": {
    "$date": {
      "$numberLong": "1649135302603"
    }
  },
  "__v": 0
}]